clusterId,skillId
1,1
1,2
1,3
1,4
1,5
1,6
1,7
1,8
1,9
1,10
1,11
1,12
1,14
1,15
1,16
1,17
1,18
1,19
1,20
1,21
1,22
1,23
1,24
1,25
1,26
1,27
1,28
1,29
1,30
1,31
1,32
1,33
1,34
1,35
1,36
1,37
1,38
1,39
1,40
1,41
1,42
1,43
1,44
1,45
1,46
1,47
1,48
1,49
1,50
1,51
1,52
1,53
1,54
1,55
1,56
1,57
1,58
1,59
1,60
1,61
1,62
1,63
1,64
1,65
1,66
1,67
1,68
1,69
1,70
1,71
1,72
1,73
1,74
1,75
1,76
1,77
1,78
1,79
1,80
1,81
1,82
1,83
1,84
1,85
1,86
1,87
1,88
1,89
1,90
1,91
1,92
1,93
1,94
1,95
1,96
1,97
1,98
1,99
1,100
1,101
1,102
1,103
1,104
1,105
1,106
1,107
1,108
1,109
1,110
1,111
1,112
1,113
1,114
1,115
1,116
1,117
1,118
1,119
1,120
1,121
1,122
1,123
1,124
1,125
1,126
1,127
1,128
1,129
1,130
1,131
1,132
1,133
1,134
1,135
1,136
1,137
1,138
1,139
1,140
1,141
1,142
1,143
1,144
1,145
1,146
1,147
1,148
1,149
1,150
1,151
1,152
1,153
1,154
1,155
1,156
1,157
1,158
1,159
1,160
1,161
1,162
1,163
1,164
1,165
1,166
1,167
1,168
1,169
1,170
1,171
1,172
1,173
1,174
1,175
1,176
1,177
1,178
1,179
1,180
1,181
1,182
1,183
1,184
1,185
1,186
1,187
1,188
1,189
1,190
1,191
1,192
1,193
1,194
1,195
1,196
1,197
1,198
1,199
1,200
1,201
1,202
1,203
1,204
1,205
1,206
1,207
1,208
1,209
1,210
1,211
1,212
1,213
1,214
1,215
1,217
1,218
1,219
1,220
1,221
1,222
1,223
1,224
1,225
1,226
1,227
1,228
1,229
1,230
1,231
1,232
1,233
1,234
1,235
1,236
1,237
1,238
1,239
1,240
1,241
1,242
1,243
1,244
1,245
1,246
1,247
1,248
1,249
1,250
1,251
1,252
1,253
1,254
1,255
1,256
1,257
1,258
1,259
1,260
1,261
1,262
1,263
1,264
1,265
1,266
1,267
1,268
1,269
1,270
1,271
1,272
1,273
1,274
1,275
1,276
1,277
1,278
1,279
1,280
1,281
1,282
1,283
1,284
1,285
1,286
1,287
1,288
1,289
1,290
1,291
1,292
1,293
1,294
1,295
1,296
1,297
1,298
1,299
1,300
1,301
1,302
1,303
1,304
1,305
1,306
1,307
1,308
1,309
1,310
1,311
1,312
1,313
1,314
1,315
1,316
1,317
1,318
1,319
1,320
1,321
1,322
1,323
1,324
1,325
1,326
1,327
1,328
1,329
1,330
1,331
1,332
1,333
1,334
1,335
1,336
1,337
1,338
1,339
1,340
1,341
1,342
1,343
1,344
1,345
1,346
1,347
1,348
1,349
1,350
1,351
1,352
1,353
1,354
1,355
1,356
1,357
1,358
1,359
1,360
1,361
1,362
1,363
1,364
1,365
1,366
1,367
1,368
1,369
1,370
1,371
1,372
1,373
1,374
1,375
1,376
1,377
1,378
1,379
1,380
1,381
1,382
1,383
1,384
1,385
1,386
1,387
1,388
1,389
1,390
1,391
1,392
1,393
1,394
1,395
1,396
1,397
1,398
1,399
1,400
1,401
1,402
1,403
1,404
1,405
1,406
1,407
1,408
1,409
1,410
1,411
1,412
1,413
1,414
1,415
1,416
1,417
1,418
1,419
1,420
1,421
1,422
1,423
1,424
1,425
1,426
1,427
1,428
1,429
1,430
1,431
1,432
1,433
1,434
1,435
1,436
1,437
1,438
1,439
1,440
1,441
1,442
1,443
1,444
1,445
1,446
1,447
1,448
1,449
1,450
1,451
1,452
1,453
1,454
1,455
1,456
1,457
1,458
1,459
1,460
1,461
1,462
1,463
1,464
1,465
1,466
1,467
1,468
1,469
1,470
1,471
1,472
1,473
1,474
1,475
1,476
1,477
1,478
1,479
1,480
1,481
1,482
1,483
1,484
1,485
1,486
1,487
1,488
1,489
1,490
1,491
1,492
1,493
1,494
1,495
1,496
1,497
1,498
1,499
1,500
1,501
1,502
1,503
1,504
1,505
1,506
1,507
1,508
1,509
1,510
1,511
1,512
1,513
1,514
1,515
1,516
1,517
1,518
1,519
1,520
1,521
1,522
1,523
1,524
1,525
1,526
1,527
1,528
1,529
1,530
1,531
1,532
1,533
1,534
1,535
1,536
1,537
1,538
1,539
1,540
1,541
1,542
1,543
1,544
1,545
1,546
1,547
1,548
1,549
1,550
1,551
1,552
1,553
1,554
1,555
1,556
1,557
1,558
1,559
1,560
1,561
1,562
1,563
1,564
1,565
1,566
1,567
1,568
1,569
1,570
1,571
1,572
1,573
1,574
1,575
1,576
1,577
1,578
1,579
1,580
1,581
1,582
1,583
1,584
1,585
1,586
1,587
1,588
1,589
1,590
1,591
1,592
1,593
1,594
1,595
1,596
1,597
1,598
1,599
1,600
1,601
1,602
1,603
1,604
1,605
1,606
1,607
1,608
1,609
1,610
1,611
1,612
1,613
1,614
1,615
1,616
1,617
1,618
1,619
1,620
1,621
1,622
1,623
1,624
1,625
1,626
1,627
1,628
1,629
1,630
1,631
1,632
1,633
1,634
1,635
1,636
1,637
1,638
1,639
1,640
1,641
1,642
1,643
1,644
1,645
1,646
1,647
1,648
1,649
1,650
1,651
1,652
1,653
1,654
1,655
1,656
1,657
1,658
1,659
1,660
1,661
1,662
1,663
1,664
1,665
1,666
1,667
1,668
1,669
1,670
1,671
1,672
1,673
1,674
1,675
1,676
1,677
1,678
1,679
1,680
1,681
1,682
1,683
1,684
1,685
1,686
1,687
1,688
1,689
1,690
1,691
1,692
1,693
1,694
1,695
1,696
1,697
1,698
1,699
1,700
1,701
1,702
1,703
1,704
1,705
1,706
1,707
1,708
1,709
1,710
1,711
1,712
1,713
1,714
1,715
1,716
1,717
1,718
1,719
1,720
1,721
1,722
1,723
1,724
1,725
1,726
1,727
1,728
1,729
1,730
1,731
1,732
1,733
1,734
1,735
1,736
1,737
1,738
1,739
1,740
1,741
1,742
1,743
1,744
1,745
1,746
1,747
1,748
1,749
1,750
1,751
1,752
1,753
1,754
1,755
1,756
1,757
1,758
1,759
1,760
1,761
1,762
1,763
1,764
1,765
1,766
1,767
1,768
1,769
1,770
1,771
1,772
1,773
1,774
1,775
1,776
1,777
1,778
1,779
1,780
1,781
1,782
1,783
1,784
1,785
1,786
1,787
1,788
1,789
1,790
1,791
1,792
1,793
1,794
1,795
1,796
1,797
1,798
1,799
1,800
1,801
1,802
1,803
1,804
1,805
1,806
1,807
1,808
1,809
1,810
1,811
1,812
1,813
1,814
1,815
1,816
1,817
1,818
1,819
1,820
1,821
1,822
1,823
1,824
1,825
1,826
1,827
1,828
1,829
1,830
1,831
1,832
1,833
1,834
1,835
1,836
1,837
1,838
1,839
1,840
1,841
1,842
1,843
1,844
1,845
1,846
1,847
1,848
1,849
1,850
1,851
1,852
1,853
1,854
1,855
1,856
1,857
1,858
1,859
1,860
1,861
1,862
1,863
1,864
1,866
1,867
1,868
1,869
1,870
1,871
1,872
1,873
1,874
1,875
1,876
1,877
1,878
1,879
1,880
1,881
1,882
1,883
1,884
1,885
1,886
1,887
1,888
1,889
1,890
1,891
1,892
1,893
1,894
1,895
1,896
1,897
1,898
1,899
1,900
1,901
1,902
1,903
1,904
1,905
1,906
1,907
1,908
1,909
1,910
1,911
1,912
1,913
1,914
1,915
1,916
1,917
1,918
1,919
1,920
1,921
1,922
1,923
1,924
1,925
1,926
1,927
1,928
1,929
1,930
1,931
1,932
1,933
1,934
1,935
1,936
1,937
1,938
1,939
1,940
1,941
1,942
1,943
1,944
1,945
1,946
1,947
1,948
1,949
1,950
1,951
1,952
1,953
1,954
1,955
1,956
1,957
1,958
1,959
1,960
1,961
1,962
1,963
1,964
1,965
1,966
1,967
1,968
1,969
1,970
1,971
1,972
1,973
1,974
1,975
1,976
1,977
1,978
1,979
1,980
1,981
1,982
1,983
1,984
1,985
1,986
1,987
1,988
1,989
1,990
1,991
1,992
1,993
1,994
1,995
1,996
1,997
1,998
1,999
1,1000
1,1001
1,1002
1,1003
1,1004
1,1005
1,1006
1,1007
1,1008
1,1009
1,1010
1,1011
1,1012
1,1013
1,1014
1,1015
1,1016
1,1017
1,1018
1,1019
1,1020
1,1021
1,1022
1,1023
1,1024
1,1025
1,1026
1,1027
1,1028
1,1029
1,1030
1,1031
1,1032
1,1033
1,1034
1,1035
1,1036
1,1037
1,1038
1,1039
1,1040
1,1041
1,1042
1,1043
1,1044
1,1045
1,1046
1,1047
1,1048
1,1049
1,1050
1,1051
1,1052
1,1053
1,1054
1,1055
1,1056
1,1057
1,1058
1,1059
1,1060
1,1061
1,1062
1,1063
1,1064
1,1065
1,1066
1,1067
1,1068
1,1069
1,1070
1,1071
1,1072
1,1073
1,1074
1,1075
1,1076
1,1077
1,1078
1,1079
1,1080
1,1081
1,1082
1,1083
1,1084
1,1085
1,1086
1,1087
1,1088
1,1089
1,1090
1,1091
1,1092
1,1093
1,1094
1,1095
1,1096
1,1097
1,1098
1,1099
1,1100
1,1101
1,1102
1,1103
1,1104
1,1105
1,1106
1,1107
1,1108
1,1109
1,1110
1,1111
1,1112
1,1113
1,1114
1,1115
1,1116
1,1117
1,1118
1,1119
1,1120
1,1121
1,1122
1,1123
1,1124
1,1125
1,1126
1,1127
1,1128
1,1129
1,1130
1,1131
1,1132
1,1133
1,1134
1,1135
1,1136
1,1137
1,1138
1,1139
1,1140
1,1141
1,1142
1,1143
1,1144
1,1145
1,1146
1,1147
1,1148
1,1149
1,1150
1,1151
1,1152
1,1153
1,1154
1,1155
1,1156
1,1157
1,1158
1,1159
1,1160
1,1161
1,1162
1,1163
1,1164
1,1165
1,1166
1,1167
1,1168
1,1169
1,1170
1,1171
1,1172
1,1173
1,1174
1,1175
1,1176
1,1177
1,1178
1,1179
1,1180
1,1181
1,1182
1,1183
1,1184
1,1185
1,1186
1,1187
1,1188
1,1189
1,1190
1,1191
1,1192
1,1193
1,1194
1,1195
1,1196
1,1197
1,1198
1,1199
1,1200
1,1201
1,1202
1,1203
1,1204
1,1205
1,1206
1,1207
1,1208
1,1209
1,1210
1,1211
1,1212
1,1213
1,1214
1,1215
1,1216
1,1217
1,1218
1,1219
1,1220
1,1221
1,1222
1,1223
1,1224
1,1225
1,1226
1,1227
1,1228
1,1229
1,1230
1,1231
1,1232
1,1233
1,1234
1,1235
1,1236
1,1237
1,1238
1,1239
1,1240
1,1241
1,1242
1,1243
1,1244
1,1245
1,1246
1,1247
1,1248
1,1249
1,1250
1,1251
1,1252
1,1253
1,1254
1,1255
1,1256
1,1257
1,1258
1,1259
1,1260
1,1261
1,1262
1,1263
1,1264
1,1265
1,1266
1,1267
1,1268
1,1269
1,1270
1,1271
1,1272
1,1273
1,1274
1,1275
1,1276
1,1277
1,1278
1,1279
1,1280
1,1281
1,1282
1,1283
1,1284
1,1285
1,1286
1,1287
1,1288
1,1289
1,1290
1,1291
1,1292
1,1293
1,1294
1,1295
1,1296
1,1297
1,1298
1,1299
1,1300
1,1301
1,1302
1,1303
1,1304
1,1305
1,1306
1,1307
1,1308
1,1309
1,1310
1,1311
1,1312
1,1313
1,1314
1,1315
1,1316
1,1317
1,1318
1,1319
1,1320
1,1321
1,1322
1,1323
1,1324
1,1325
1,1326
1,1327
1,1328
1,1329
1,1330
1,1331
1,1332
1,1333
1,1334
1,1335
1,1336
1,1337
1,1338
1,1339
1,1340
1,1341
1,1342
1,1343
1,1344
1,1345
1,1346
1,1347
1,1348
1,1349
1,1350
1,1351
1,1352
1,1353
1,1354
1,1355
1,1356
1,1357
1,1358
1,1359
1,1360
1,1361
1,1362
1,1363
1,1364
1,1365
1,1366
1,1367
1,1368
1,1369
1,1370
1,1371
1,1372
1,1373
1,1374
1,1375
1,1376
1,1377
1,1378
1,1379
1,1380
1,1381
1,1382
1,1383
1,1384
1,1385
1,1386
1,1387
1,1388
1,1389
1,1390
1,1391
1,1392
1,1393
1,1394
1,1395
1,1396
1,1397
1,1398
1,1399
1,1400
1,1401
1,1402
1,1403
1,1404
1,1405
1,1406
1,1407
1,1408
1,1409
1,1410
1,1411
1,1412
1,1413
1,1414
1,1415
1,1416
1,1417
1,1418
1,1419
1,1420
1,1421
1,1422
1,1423
1,1424
1,1425
1,1426
1,1427
1,1428
1,1429
1,1430
1,1431
1,1432
1,1433
1,1434
1,1435
1,1436
1,1437
1,1438
1,1439
1,1440
1,1441
1,1442
1,1443
1,1444
1,1445
1,1446
1,1447
1,1448
1,1449
1,1450
1,1451
1,1452
1,1453
1,1454
1,1455
1,1456
1,1457
1,1458
1,1459
1,1460
1,1461
1,1462
1,1463
1,1464
1,1465
1,1466
1,1467
1,1468
1,1469
1,1470
1,1471
1,1472
1,1473
1,1474
1,1475
1,1476
1,1477
1,1478
1,1479
1,1480
1,1481
1,1482
1,1483
1,1484
1,1485
1,1486
1,1487
1,1488
1,1489
1,1490
1,1491
1,1492
1,1493
1,1494
1,1495
1,1496
1,1497
1,1498
1,1499
1,1500
1,1501
1,1502
1,1503
1,1504
1,1505
1,1506
1,1507
1,1508
1,1509
1,1510
1,1511
1,1512
1,1513
1,1514
1,1515
1,1516
1,1517
1,1518
1,1519
1,1520
1,1521
1,1522
1,1523
1,1524
1,1525
1,1526
1,1527
1,1528
1,1529
1,1530
1,1531
1,1532
1,1533
1,1534
1,1535
1,1536
1,1537
1,1538
1,1539
1,1540
1,1541
1,1542
1,1543
1,1544
1,1545
1,1546
1,1547
1,1548
1,1549
1,1550
1,1551
1,1552
1,1553
1,1554
1,1555
1,1556
1,1557
1,1558
1,1559
1,1560
1,1561
1,1562
1,1563
1,1564
1,1565
1,1566
1,1567
1,1568
1,1569
1,1570
1,1571
1,1572
1,1573
1,1574
1,1575
1,1576
1,1577
1,1578
1,1579
1,1580
1,1581
1,1582
1,1583
1,1584
1,1585
1,1586
1,1587
1,1588
1,1589
1,1590
1,1591
1,1592
1,1593
1,1594
1,1595
1,1596
1,1597
1,1598
1,1599
1,1600
1,1601
1,1602
1,1603
1,1604
1,1605
1,1606
1,1607
1,1608
1,1609
1,1610
1,1611
1,1612
1,1613
1,1614
1,1615
1,1616
1,1617
1,1618
1,1619
1,1620
1,1621
1,1622
1,1623
1,1624
1,1625
1,1626
1,1627
1,1628
1,1629
1,1630
1,1631
1,1632
1,1633
1,1634
1,1635
1,1636
1,1637
1,1638
1,1639
1,1640
1,1641
1,1642
1,1643
1,1644
1,1645
1,1646
1,1647
1,1648
1,1649
1,1650
1,1651
1,1652
1,1653
1,1654
1,1655
1,1656
1,1657
1,1658
1,1659
1,1660
1,1661
1,1662
1,1663
1,1664
1,1665
1,1666
1,1667
1,1668
1,1669
1,1670
1,1671
1,1672
1,1673
1,1674
1,1675
1,1676
1,1677
1,1678
1,1679
1,1680
1,1681
1,1682
1,1683
1,1684
1,1685
1,1686
1,1687
1,1688
1,1689
1,1690
1,1691
1,1692
1,1693
1,1694
1,1695
1,1696
1,1697
1,1698
1,1699
1,1700
1,1701
1,1702
1,1703
1,1704
1,1705
1,1706
1,1707
1,1708
1,1709
1,1710
1,1711
1,1712
1,1713
1,1714
1,1715
1,1716
1,1717
1,1718
1,1719
1,1720
1,1721
1,1722
1,1723
1,1724
1,1725
1,1726
1,1727
1,1728
1,1729
1,1730
1,1731
1,1732
1,1733
1,1734
1,1735
1,1736
1,1737
1,1738
1,1739
1,1740
1,1741
1,1742
1,1743
1,1744
1,1745
1,1746
1,1747
1,1748
1,1750
1,1751
1,1752
1,1753
1,1754
1,1755
1,1756
1,1757
1,1758
1,1759
1,1760
1,1761
1,1762
1,1763
1,1764
1,1765
1,1766
1,1767
1,1768
1,1769
1,1770
1,1771
1,1772
1,1773
1,1774
1,1775
1,1776
1,1778
1,1779
1,1780
1,1781
1,1782
1,1783
1,1784
1,1785
1,1786
1,1787
1,1788
1,1789
1,1790
1,1791
1,1792
1,1793
1,1794
1,1795
1,1796
1,1797
1,1798
1,1799
1,1800
1,1801
1,1802
1,1803
1,1804
1,1805
1,1806
1,1807
1,1808
1,1809
1,1810
1,1811
1,1812
1,1813
1,1814
1,1815
1,1816
1,1817
1,1818
1,1819
1,1820
1,1821
1,1822
1,1823
1,1824
1,1825
1,1826
1,1827
1,1828
1,1829
1,1830
1,1831
1,1832
1,1833
1,1834
1,1835
1,1836
1,1837
1,1838
1,1839
1,1840
1,1841
1,1842
1,1843
1,1844
1,1845
1,1846
1,1847
1,1848
1,1849
1,1850
1,1851
1,1852
1,1853
1,1854
1,1855
1,1856
1,1858
1,1859
1,1860
1,1861
1,1862
1,1863
1,1864
1,1865
1,1866
1,1867
1,1868
1,1869
1,1870
1,1871
1,1872
1,1873
1,1874
1,1875
1,1876
1,1877
1,1878
1,1879
1,1880
1,1881
1,1882
1,1883
1,1884
1,1885
1,1886
1,1887
1,1888
1,1889
1,1890
1,1891
1,1892
1,1893
1,1894
1,1895
1,1896
1,1897
1,1898
1,1899
1,1900
1,1901
1,1902
1,1903
1,1904
1,1905
1,1906
1,1907
1,1908
1,1909
1,1910
1,1911
1,1912
1,1913
1,1914
1,1915
1,1916
1,1917
1,1918
1,1919
1,1920
1,1921
1,1922
1,1923
1,1924
1,1925
1,1926
1,1927
1,1928
1,1929
1,1930
1,1931
1,1932
1,1933
1,1934
1,1935
1,1936
1,1937
1,1938
1,1939
1,1940
1,1941
1,1942
1,1943
1,1944
1,1945
1,1946
1,1947
1,1948
1,1949
1,1950
1,1951
1,1952
1,1953
1,1954
1,1955
1,1956
1,1957
1,1958
1,1959
1,1960
1,1961
1,1962
1,1963
1,1964
1,1965
1,1966
1,1967
1,1968
1,1969
1,1970
1,1971
1,1972
1,1973
1,1974
1,1975
1,1976
1,1977
1,1978
1,1979
1,1980
1,1981
1,1982
1,1983
1,1984
1,1985
1,1986
1,1987
1,1988
1,1989
1,1990
1,1991
1,1992
1,1993
1,1994
1,1995
1,1996
1,1997
1,1998
1,1999
1,2000
1,2001
1,2002
1,2003
1,2004
1,2005
1,2006
1,2007
1,2008
1,2009
1,2010
1,2011
1,2012
1,2013
1,2014
1,2015
1,2016
1,2017
1,2018
1,2019
1,2020
1,2021
1,2022
1,2023
1,2024
1,2025
1,2026
1,2027
1,2028
1,2029
1,2030
1,2031
1,2032
1,2033
1,2034
1,2035
1,2036
1,2037
1,2038
1,2039
1,2040
1,2041
1,2042
1,2043
1,2044
1,2045
1,2046
1,2047
1,2048
1,2049
1,2050
1,2051
1,2052
1,2053
1,2054
1,2055
1,2056
1,2057
1,2058
1,2059
1,2060
1,2061
1,2062
1,2063
1,2064
1,2065
1,2066
1,2067
1,2068
1,2069
1,2070
1,2071
1,2072
1,2073
1,2074
1,2075
1,2076
1,2077
1,2078
1,2079
1,2080
1,2081
1,2082
1,2083
1,2084
1,2085
1,2086
1,2087
1,2088
1,2089
1,2090
1,2091
1,2092
1,2093
1,2094
1,2095
1,2096
1,2097
1,2098
1,2099
1,2100
1,2101
1,2102
1,2103
1,2104
1,2105
1,2106
1,2107
1,2108
1,2109
1,2110
1,2111
1,2112
1,2113
1,2114
1,2115
1,2116
1,2117
1,2118
1,2119
1,2120
1,2121
1,2122
1,2123
1,2124
1,2125
1,2126
1,2127
1,2128
1,2129
1,2130
1,2131
1,2132
1,2133
1,2134
1,2135
1,2136
1,2137
1,2138
1,2139
1,2140
1,2141
1,2142
1,2143
1,2144
1,2145
1,2146
1,2147
1,2148
1,2149
1,2150
1,2151
1,2152
1,2153
1,2154
1,2155
1,2156
1,2157
1,2158
1,2159
1,2160
1,2161
1,2162
1,2163
1,2164
1,2165
1,2166
1,2167
1,2168
1,2169
1,2170
1,2171
1,2172
1,2173
1,2174
1,2175
1,2176
1,2177
1,2178
1,2179
1,2180
1,2181
1,2182
1,2183
1,2184
1,2185
1,2186
1,2187
1,2188
1,2189
1,2190
1,2191
1,2192
1,2193
1,2194
1,2195
1,2196
1,2197
1,2198
1,2199
1,2200
1,2201
1,2202
1,2203
1,2204
1,2205
1,2206
1,2207
1,2208
1,2209
1,2210
1,2211
1,2212
1,2213
1,2214
1,2215
1,2216
1,2217
1,2218
1,2219
1,2220
1,2221
1,2222
1,2223
1,2224
1,2225
1,2226
1,2227
1,2228
1,2229
1,2230
1,2231
1,2232
1,2233
1,2234
1,2235
1,2236
1,2237
1,2238
1,2239
1,2240
1,2241
1,2242
1,2243
1,2244
1,2245
1,2246
1,2247
1,2248
1,2249
1,2250
1,2251
1,2252
1,2253
1,2254
1,2255
1,2256
1,2257
1,2258
1,2259
1,2260
1,2261
1,2262
1,2263
1,2264
1,2265
1,2266
1,2267
1,2268
1,2269
1,2270
1,2271
1,2272
1,2273
1,2274
1,2275
1,2276
1,2277
1,2278
1,2279
1,2280
1,2281
1,2282
1,2283
1,2284
1,2285
1,2286
1,2287
1,2288
1,2289
1,2290
1,2291
1,2292
1,2293
1,2294
1,2295
1,2296
1,2297
1,2298
1,2299
1,2300
1,2301
1,2302
1,2303
1,2304
1,2305
1,2306
1,2307
1,2308
1,2309
1,2310
1,2311
1,2312
1,2313
1,2314
1,2315
1,2316
1,2317
1,2318
1,2319
1,2320
1,2321
1,2322
1,2323
1,2324
1,2325
1,2326
1,2327
1,2328
1,2329
1,2330
1,2331
1,2332
1,2333
1,2334
1,2335
1,2336
1,2337
1,2338
1,2339
1,2340
1,2341
1,2342
1,2343
1,2344
1,2345
1,2346
1,2347
1,2348
1,2349
1,2350
1,2351
1,2352
1,2353
1,2354
1,2355
1,2356
1,2357
1,2358
1,2359
1,2360
1,2361
1,2362
1,2363
1,2364
1,2365
1,2366
1,2367
1,2368
1,2369
1,2370
1,2371
1,2372
1,2373
1,2374
1,2375
1,2376
1,2377
1,2378
1,2379
1,2380
1,2381
1,2382
1,2383
1,2384
1,2385
1,2386
1,2387
1,2388
1,2389
1,2390
1,2391
1,2392
1,2393
1,2394
1,2395
1,2396
1,2397
1,2398
1,2399
1,2400
1,2401
1,2402
1,2403
1,2404
1,2405
1,2406
1,2407
1,2408
1,2409
1,2410
1,2411
1,2412
1,2413
1,2414
1,2415
1,2416
1,2417
1,2418
1,2419
1,2420
1,2421
1,2422
1,2423
1,2424
1,2425
1,2426
1,2427
1,2428
1,2429
1,2430
1,2431
1,2432
1,2433
1,2434
1,2435
1,2436
1,2437
1,2438
1,2439
1,2440
1,2441
1,2442
1,2443
1,2444
1,2445
1,2446
1,2447
1,2448
1,2449
1,2450
1,2451
1,2452
1,2453
1,2454
1,2455
1,2456
1,2457
1,2458
1,2459
1,2460
1,2461
1,2462
1,2463
1,2464
1,2465
1,2466
1,2467
1,2468
1,2469
1,2470
1,2471
1,2472
1,2473
1,2474
1,2475
1,2476
1,2477
1,2478
1,2479
1,2480
1,2481
1,2482
1,2483
1,2484
1,2485
1,2486
1,2487
1,2488
1,2489
1,2490
1,2491
1,2492
1,2493
1,2494
1,2495
1,2496
1,2497
1,2498
1,2499
1,2500
1,2501
1,2502
1,2503
1,2504
1,2505
1,2506
1,2507
1,2508
1,2509
1,2510
1,2511
1,2512
1,2513
1,2514
1,2515
1,2516
1,2517
1,2518
1,2519
1,2520
1,2521
1,2522
1,2523
1,2524
1,2525
1,2526
1,2527
1,2528
1,2529
1,2530
1,2531
1,2532
1,2533
1,2534
1,2535
1,2536
1,2537
1,2538
1,2539
1,2540
1,2541
1,2542
1,2543
1,2544
1,2545
1,2546
1,2547
1,2548
1,2549
1,2550
1,2551
1,2552
1,2553
1,2554
1,2555
1,2556
1,2557
1,2558
1,2559
1,2560
1,2561
1,2562
1,2563
1,2564
1,2565
1,2566
1,2567
1,2568
1,2569
1,2570
1,2571
1,2572
1,2573
1,2574
1,2575
1,2576
1,2577
1,2578
1,2579
1,2580
1,2581
1,2582
1,2583
1,2584
1,2585
1,2586
1,2587
1,2588
1,2589
1,2590
1,2591
1,2592
1,2593
1,2594
1,2595
1,2596
1,2597
1,2598
1,2599
1,2600
1,2601
1,2602
1,2603
1,2604
1,2605
1,2606
1,2607
1,2608
1,2609
1,2610
1,2611
1,2612
1,2613
1,2614
1,2615
1,2616
1,2617
1,2618
1,2619
1,2620
1,2621
1,2622
1,2623
1,2624
1,2625
1,2626
1,2627
1,2628
1,2629
1,2630
1,2631
1,2632
1,2633
1,2634
1,2635
1,2636
1,2637
1,2638
1,2639
1,2640
1,2641
1,2642
1,2643
1,2644
1,2645
1,2646
1,2647
1,2648
1,2649
1,2650
1,2651
1,2652
1,2653
1,2654
1,2655
1,2656
1,2657
1,2658
1,2659
1,2660
1,2661
1,2662
1,2663
1,2664
1,2665
1,2666
1,2667
1,2668
1,2669
1,2670
1,2671
1,2672
1,2673
1,2674
1,2675
1,2676
1,2677
1,2678
1,2679
1,2680
1,2681
1,2682
1,2683
1,2684
1,2685
1,2686
1,2687
1,2688
1,2689
1,2690
1,2691
1,2692
1,2693
1,2694
1,2695
1,2696
1,2697
1,2698
1,2699
1,2700
1,2701
1,2702
1,2703
1,2704
1,2705
1,2706
1,2707
1,2708
1,2709
1,2710
1,2711
1,2712
1,2713
1,2714
1,2715
1,2716
1,2717
1,2718
1,2719
1,2720
1,2721
1,2722
1,2723
1,2724
1,2725
1,2726
1,2727
1,2728
1,2729
1,2730
1,2731
1,2732
1,2733
1,2734
1,2735
1,2736
1,2737
1,2738
1,2739
1,2740
1,2741
1,2742
1,2743
1,2744
1,2745
1,2746
1,2747
1,2748
1,2749
1,2750
1,2751
1,2752
1,2753
1,2754
1,2755
1,2756
1,2757
1,2758
1,2759
1,2760
1,2761
1,2762
1,2763
1,2764
1,2765
1,2766
1,2767
1,2768
1,2769
1,2770
1,2771
1,2772
1,2773
1,2774
1,2775
1,2776
1,2777
1,2778
1,2779
1,2780
1,2781
1,2782
1,2783
1,2784
1,2785
1,2786
1,2787
1,2788
1,2789
1,2790
1,2791
1,2792
1,2793
1,2794
1,2795
1,2796
1,2797
1,2798
1,2799
1,2800
1,2801
1,2802
1,2803
1,2804
1,2805
1,2806
1,2807
1,2808
1,2809
1,2810
1,2811
1,2812
1,2813
1,2814
1,2815
1,2816
1,2817
1,2818
1,2819
1,2820
1,2821
1,2822
1,2823
1,2824
1,2825
1,2826
1,2827
1,2828
1,2829
1,2830
1,2831
1,2832
1,2833
1,2834
1,2835
1,2836
1,2837
1,2838
1,2839
1,2840
1,2841
1,2842
1,2843
1,2844
1,2845
1,2846
1,2847
1,2848
1,2849
1,2850
1,2851
1,2852
1,2853
1,2854
1,2855
1,2856
1,2857
1,2858
1,2859
1,2860
1,2861
1,2862
1,2863
1,2864
1,2865
1,2866
1,2867
1,2868
1,2869
1,2870
1,2871
1,2872
1,2873
1,2874
1,2875
1,2876
1,2877
1,2878
1,2879
1,2880
1,2881
1,2882
1,2883
1,2884
1,2885
1,2886
1,2887
1,2888
1,2889
1,2890
1,2891
1,2892
1,2893
1,2894
1,2895
1,2896
1,2897
1,2898
1,2899
1,2900
1,2901
1,2902
1,2903
1,2904
1,2905
1,2906
1,2907
1,2908
1,2909
1,2910
1,2911
1,2912
1,2913
1,2914
1,2915
1,2916
1,2917
1,2918
1,2919
1,2920
1,2921
1,2922
1,2923
1,2924
1,2925
1,2926
1,2927
1,2928
1,2929
1,2930
1,2931
1,2932
1,2933
1,2934
1,2935
1,2936
1,2937
1,2938
1,2939
1,2940
1,2941
1,2942
1,2943
1,2944
1,2945
1,2946
1,2947
1,2948
1,2949
1,2950
1,2951
1,2952
1,2953
1,2954
1,2955
1,2956
1,2957
1,2958
1,2959
1,2960
1,2961
1,2962
1,2963
1,2964
1,2965
1,2966
1,2967
1,2968
1,2969
1,2970
1,2971
1,2972
1,2973
1,2974
1,2975
1,2976
1,2977
1,2978
1,2979
1,2980
1,2981
1,2982
1,2983
1,2984
1,2985
1,2986
1,2987
1,2988
1,2989
1,2990
1,2991
1,2992
1,2993
1,2994
1,2995
1,2996
1,2997
1,2998
1,2999
1,3000
1,3001
1,3002
1,3003
1,3004
1,3005
1,3006
1,3007
1,3008
1,3009
1,3010
1,3011
1,3012
1,3013
1,3014
1,3015
1,3016
1,3017
1,3018
1,3019
1,3020
1,3021
1,3022
1,3023
1,3024
1,3025
1,3026
1,3027
1,3028
1,3029
1,3030
1,3031
1,3032
1,3033
1,3034
1,3035
1,3036
1,3037
1,3038
1,3039
1,3040
1,3041
1,3042
1,3043
1,3044
1,3045
1,3046
1,3047
1,3048
1,3049
1,3050
1,3051
1,3052
1,3053
1,3054
1,3055
1,3056
1,3057
1,3058
1,3059
1,3060
1,3061
1,3062
1,3063
1,3064
1,3065
1,3066
1,3067
1,3068
1,3069
1,3070
1,3071
1,3072
1,3073
1,3074
1,3075
1,3076
1,3077
1,3078
1,3079
1,3080
1,3081
1,3082
1,3083
1,3084
1,3085
1,3086
1,3087
1,3088
1,3089
1,3090
1,3091
1,3092
1,3093
1,3094
1,3095
1,3096
1,3097
1,3098
1,3099
1,3100
1,3101
1,3102
1,3103
1,3104
1,3105
1,3106
1,3107
1,3108
1,3109
1,3110
1,3111
1,3112
1,3113
1,3114
1,3115
1,3116
1,3117
1,3118
1,3119
1,3120
1,3121
1,3122
1,3123
1,3124
1,3125
1,3126
1,3127
1,3128
1,3129
1,3130
1,3131
1,3132
1,3133
1,3134
1,3135
1,3136
1,3137
1,3138
1,3139
1,3140
1,3141
1,3142
1,3143
1,3144
1,3145
1,3146
1,3147
1,3148
1,3149
1,3150
1,3151
1,3152
1,3154
1,3155
1,3156
1,3157
1,3158
1,3159
1,3160
1,3161
1,3162
1,3163
1,3164
1,3165
1,3166
1,3167
1,3168
1,3169
1,3170
1,3171
1,3172
1,3173
1,3174
1,3175
1,3176
1,3177
1,3178
1,3179
1,3180
1,3181
1,3182
1,3183
1,3184
1,3185
1,3186
1,3187
1,3188
1,3189
1,3190
1,3191
1,3192
1,3193
1,3194
1,3195
1,3196
1,3197
1,3198
1,3199
1,3200
1,3201
1,3202
1,3203
1,3204
1,3205
1,3206
1,3207
1,3208
1,3209
1,3210
1,3211
1,3212
1,3213
1,3214
1,3215
1,3216
1,3217
1,3218
1,3219
1,3220
1,3221
1,3222
1,3223
1,3224
1,3225
1,3226
1,3227
1,3228
1,3229
1,3230
1,3231
1,3232
1,3233
1,3234
1,3235
1,3236
1,3237
1,3238
1,3239
1,3240
1,3241
1,3242
1,3243
1,3244
1,3245
1,3246
1,3247
1,3248
1,3249
1,3250
1,3251
1,3252
1,3253
1,3254
1,3255
1,3256
1,3257
1,3258
1,3259
1,3260
1,3261
1,3262
1,3263
1,3264
1,3265
1,3266
1,3267
1,3268
1,3269
1,3270
1,3271
1,3272
1,3273
1,3274
1,3275
1,3276
1,3277
1,3278
1,3279
1,3280
1,3281
1,3282
1,3283
1,3284
1,3285
1,3286
1,3287
1,3288
1,3289
1,3290
1,3291
1,3292
1,3293
1,3294
1,3295
1,3296
1,3297
1,3298
1,3299
1,3300
1,3301
1,3302
1,3303
1,3304
1,3305
1,3306
1,3307
1,3308
1,3309
1,3310
1,3311
1,3312
1,3313
1,3314
1,3315
1,3316
1,3317
1,3318
1,3319
1,3320
1,3321
1,3322
1,3323
1,3324
1,3325
1,3326
1,3327
1,3328
1,3329
1,3330
1,3331
1,3332
1,3333
1,3334
1,3335
1,3336
1,3337
1,3338
1,3339
1,3340
1,3341
1,3342
1,3343
1,3344
1,3345
1,3346
1,3347
1,3348
1,3349
1,3350
1,3351
1,3352
1,3353
1,3354
1,3355
1,3356
1,3357
1,3358
1,3359
1,3360
1,3361
1,3362
1,3363
1,3364
1,3365
1,3366
1,3367
1,3368
1,3369
1,3370
1,3371
1,3372
1,3373
1,3374
1,3375
1,3376
1,3377
1,3378
1,3379
1,3380
1,3381
1,3382
1,3383
1,3384
1,3385
1,3386
1,3387
1,3388
1,3389
1,3390
1,3391
1,3392
1,3393
1,3394
1,3395
1,3396
1,3397
1,3398
1,3399
1,3400
1,3401
1,3402
1,3403
1,3404
1,3405
1,3406
1,3407
1,3408
1,3409
1,3410
1,3411
1,3412
1,3413
1,3414
1,3415
1,3416
1,3417
1,3418
1,3419
1,3420
1,3421
1,3422
1,3423
1,3424
1,3425
1,3426
1,3427
1,3428
1,3429
1,3430
1,3431
1,3432
1,3433
1,3434
1,3435
1,3436
1,3437
1,3438
1,3439
1,3440
1,3441
1,3442
1,3443
1,3444
1,3445
1,3446
1,3447
1,3448
1,3449
1,3450
1,3451
1,3452
1,3453
1,3454
1,3455
1,3456
1,3457
1,3458
1,3459
1,3460
1,3461
1,3462
1,3463
1,3464
1,3465
1,3466
1,3467
1,3468
1,3469
1,3470
1,3471
1,3472
1,3473
1,3474
1,3475
1,3476
1,3477
1,3478
1,3479
1,3480
1,3481
1,3482
1,3483
1,3484
1,3485
1,3486
1,3487
1,3488
1,3489
1,3490
1,3491
1,3492
1,3493
1,3494
1,3495
1,3496
1,3497
1,3498
1,3499
1,3500
1,3501
1,3502
1,3503
1,3504
1,3505
1,3506
1,3507
1,3508
1,3509
1,3510
1,3511
1,3512
1,3513
1,3514
1,3515
1,3516
1,3517
1,3518
1,3519
1,3520
1,3521
1,3522
1,3523
1,3524
1,3525
1,3526
1,3527
1,3528
1,3529
1,3530
1,3531
1,3532
1,3533
1,3534
1,3535
1,3536
1,3537
1,3538
1,3539
1,3540
1,3541
1,3542
1,3543
1,3544
1,3545
1,3546
1,3547
1,3548
1,3549
1,3550
1,3551
1,3552
1,3553
1,3554
1,3555
1,3556
1,3557
1,3558
1,3559
1,3560
1,3561
1,3562
1,3563
1,3564
1,3565
1,3566
1,3567
1,3568
1,3569
1,3570
1,3571
1,3572
1,3573
1,3574
1,3575
1,3576
1,3577
1,3578
1,3579
1,3580
1,3581
1,3582
1,3583
1,3584
1,3585
1,3586
1,3587
1,3588
1,3589
1,3590
1,3591
1,3592
1,3593
1,3594
1,3595
1,3596
1,3597
1,3598
1,3599
1,3600
1,3601
1,3602
1,3603
1,3604
1,3605
1,3606
1,3607
1,3608
1,3609
1,3610
1,3611
1,3612
1,3613
1,3614
1,3615
1,3616
1,3617
1,3618
1,3619
1,3620
1,3621
1,3622
1,3623
1,3624
1,3625
1,3626
1,3627
1,3628
1,3629
1,3630
1,3631
1,3632
1,3633
1,3634
1,3635
1,3636
1,3637
1,3638
1,3639
1,3640
1,3641
1,3642
1,3643
1,3644
1,3645
1,3646
1,3647
1,3648
1,3649
1,3650
1,3651
1,3652
1,3653
1,3654
1,3655
1,3656
1,3657
1,3658
1,3659
1,3660
1,3661
1,3662
1,3663
1,3664
1,3665
1,3666
1,3667
1,3668
1,3669
1,3670
1,3671
1,3672
1,3673
1,3674
1,3675
1,3676
1,3677
1,3678
1,3679
1,3680
1,3681
1,3682
1,3683
1,3684
1,3685
1,3686
1,3687
1,3688
1,3689
1,3690
1,3691
1,3692
1,3693
1,3694
1,3695
1,3696
1,3697
1,3698
1,3699
1,3700
1,3701
1,3702
1,3703
1,3704
1,3705
1,3706
1,3707
1,3708
1,3709
1,3710
1,3711
1,3712
1,3713
1,3714
1,3715
1,3716
1,3717
1,3718
1,3719
1,3720
1,3721
1,3722
1,3723
1,3724
1,3725
1,3726
1,3727
1,3728
1,3729
1,3730
1,3731
1,3732
1,3733
1,3734
1,3735
1,3736
1,3737
1,3738
1,3739
1,3740
1,3741
1,3742
1,3743
1,3744
1,3745
1,3746
1,3747
1,3748
1,3749
1,3750
1,3751
1,3752
1,3753
1,3754
1,3755
1,3756
1,3757
1,3758
1,3759
1,3760
1,3761
1,3762
1,3763
1,3764
1,3765
1,3766
1,3767
1,3768
1,3769
1,3770
1,3771
1,3772
1,3773
1,3774
1,3775
1,3776
1,3777
1,3778
1,3779
1,3780
1,3781
1,3782
1,3783
1,3784
1,3785
1,3786
1,3787
1,3788
1,3789
1,3790
1,3791
1,3792
1,3793
1,3794
1,3795
1,3796
1,3797
1,3798
1,3799
1,3800
1,3801
1,3802
1,3803
1,3804
1,3805
1,3806
1,3807
1,3808
1,3809
1,3810
1,3811
1,3812
1,3813
1,3814
1,3815
1,3816
1,3817
1,3818
1,3819
1,3820
1,3821
1,3822
1,3823
1,3824
1,3825
1,3826
1,3827
1,3828
1,3829
1,3830
1,3831
1,3832
1,3833
1,3834
1,3835
1,3836
1,3837
1,3838
1,3839
1,3840
1,3841
1,3842
1,3843
1,3844
1,3845
1,3846
1,3847
1,3848
1,3849
1,3850
1,3851
1,3852
1,3853
1,3854
1,3855
1,3856
1,3857
1,3858
1,3859
1,3860
1,3861
1,3862
1,3863
1,3864
1,3865
1,3866
1,3867
1,3868
1,3869
1,3870
1,3871
1,3872
1,3873
1,3874
1,3875
1,3876
1,3877
1,3878
1,3879
1,3880
1,3881
1,3882
1,3883
1,3884
1,3885
1,3886
1,3887
1,3888
1,3889
1,3890
1,3891
1,3892
1,3893
1,3894
1,3895
1,3896
1,3897
1,3898
1,3899
1,3900
1,3901
1,3902
1,3903
1,3904
1,3905
1,3906
1,3907
1,3908
1,3909
1,3910
1,3911
1,3912
1,3913
1,3914
1,3915
1,3916
1,3917
1,3918
1,3919
1,3920
1,3921
1,3922
1,3923
1,3924
1,3925
1,3926
1,3927
1,3928
1,3929
1,3930
1,3931
1,3932
1,3933
1,3934
1,3935
1,3936
1,3937
1,3938
1,3939
1,3940
1,3941
1,3942
1,3943
1,3944
1,3945
1,3946
1,3947
1,3948
1,3949
1,3950
1,3951
1,3952
1,3953
1,3954
1,3955
1,3956
1,3957
1,3958
1,3959
1,3960
1,3961
1,3962
1,3963
1,3964
1,3965
1,3966
1,3967
1,3968
1,3969
1,3970
1,3971
1,3972
1,3973
1,3974
1,3975
1,3976
1,3977
1,3978
1,3979
1,3980
1,3981
1,3982
1,3983
1,3984
1,3985
1,3986
1,3987
1,3988
1,3989
1,3990
1,3991
1,3992
1,3993
1,3994
1,3995
1,3996
1,3997
1,3998
1,3999
1,4000
1,4001
1,4002
1,4003
1,4004
1,4005
1,4006
1,4007
1,4008
1,4009
1,4010
1,4011
1,4012
1,4013
1,4014
1,4015
1,4016
1,4017
1,4018
1,4019
1,4020
1,4021
1,4022
1,4023
1,4024
1,4025
1,4026
1,4027
1,4028
1,4029
1,4030
1,4031
1,4032
1,4033
1,4034
1,4035
1,4036
1,4037
1,4038
1,4039
1,4040
1,4041
1,4042
1,4043
1,4044
1,4045
1,4046
1,4047
1,4048
1,4049
1,4050
1,4051
1,4052
1,4053
1,4054
1,4055
1,4056
1,4057
1,4058
1,4059
1,4060
1,4061
1,4062
1,4063
1,4064
1,4065
1,4066
1,4067
1,4068
1,4069
1,4070
1,4071
1,4072
1,4073
1,4074
1,4075
1,4076
1,4077
1,4078
1,4079
1,4080
1,4081
1,4082
1,4083
1,4084
1,4085
1,4086
1,4087
1,4088
1,4089
1,4090
1,4091
1,4092
1,4093
1,4094
1,4095
1,4096
1,4097
1,4098
1,4099
1,4100
1,4101
1,4102
1,4103
1,4104
1,4105
1,4106
1,4107
1,4108
1,4109
1,4110
1,4111
1,4112
1,4113
1,4114
1,4115
1,4116
1,4117
1,4118
1,4119
1,4120
1,4121
1,4122
1,4123
1,4124
1,4125
1,4126
1,4127
1,4128
1,4129
1,4130
1,4131
1,4132
1,4133
1,4134
1,4135
1,4136
1,4137
1,4138
1,4139
1,4140
1,4141
1,4142
1,4143
1,4144
1,4145
1,4146
1,4147
1,4148
1,4149
1,4150
1,4151
1,4152
1,4153
1,4154
1,4155
1,4156
1,4157
1,4158
1,4159
1,4160
1,4161
1,4162
1,4163
1,4164
1,4165
1,4166
1,4167
1,4168
1,4169
1,4170
1,4171
1,4172
1,4173
1,4174
1,4175
1,4176
1,4177
1,4178
1,4179
1,4180
1,4181
1,4182
1,4183
1,4184
1,4185
1,4186
1,4187
1,4188
1,4189
1,4190
1,4191
1,4192
1,4193
1,4194
1,4195
1,4196
1,4197
1,4198
1,4199
1,4200
1,4201
1,4202
1,4203
1,4204
1,4205
1,4206
1,4207
1,4208
1,4209
1,4210
1,4211
1,4212
1,4213
1,4214
1,4215
1,4216
1,4217
1,4218
1,4219
1,4220
1,4221
1,4222
1,4223
1,4224
1,4225
1,4226
1,4227
1,4228
1,4229
1,4230
1,4231
1,4232
1,4233
1,4234
1,4235
1,4236
1,4237
1,4238
1,4239
1,4240
1,4241
1,4242
1,4243
1,4244
1,4245
1,4246
1,4247
1,4248
1,4249
1,4250
1,4251
1,4252
1,4253
1,4254
1,4255
1,4256
1,4257
1,4258
1,4259
1,4260
1,4261
1,4262
1,4263
1,4264
1,4265
1,4266
1,4267
1,4268
1,4269
1,4270
1,4271
1,4272
1,4273
1,4274
1,4275
1,4276
1,4277
1,4278
1,4279
1,4280
1,4281
1,4282
1,4283
1,4284
1,4285
1,4286
1,4287
1,4288
1,4289
1,4290
1,4291
1,4292
1,4293
1,4294
1,4295
1,4296
1,4297
1,4298
1,4299
1,4300
1,4301
1,4302
1,4303
1,4304
1,4305
1,4306
1,4307
1,4308
1,4309
1,4310
1,4311
1,4312
1,4313
1,4314
1,4315
1,4316
1,4317
1,4318
1,4319
1,4320
1,4321
1,4322
1,4323
1,4324
1,4325
1,4326
1,4327
1,4328
1,4329
1,4330
1,4331
1,4332
1,4333
1,4334
1,4335
1,4336
1,4337
1,4338
1,4339
1,4340
1,4341
1,4342
1,4343
1,4344
1,4345
1,4346
1,4347
1,4348
1,4349
1,4350
1,4351
1,4352
1,4353
1,4354
1,4355
1,4356
1,4357
1,4358
1,4359
1,4360
1,4361
1,4362
1,4363
1,4364
1,4365
1,4366
1,4367
1,4368
1,4369
1,4370
1,4371
1,4372
1,4373
1,4374
1,4375
1,4376
1,4377
1,4378
1,4379
1,4380
1,4381
1,4382
1,4383
1,4384
1,4385
1,4386
1,4387
1,4388
1,4389
1,4390
1,4391
1,4392
1,4393
1,4394
1,4395
1,4396
1,4397
1,4398
1,4399
1,4400
1,4401
1,4402
1,4403
1,4404
1,4405
1,4406
1,4407
1,4408
1,4409
1,4410
1,4411
1,4412
1,4413
1,4414
1,4415
1,4416
1,4417
1,4418
1,4419
1,4420
1,4421
1,4422
1,4423
1,4424
1,4425
1,4426
1,4427
1,4428
1,4429
1,4430
1,4431
1,4432
1,4433
1,4434
1,4435
1,4436
1,4437
1,4438
1,4439
1,4440
1,4441
1,4442
1,4443
1,4444
1,4445
1,4446
1,4447
1,4448
1,4449
1,4450
1,4451
1,4452
1,4453
1,4454
1,4455
1,4456
1,4457
1,4458
1,4459
1,4460
1,4461
1,4462
1,4463
1,4464
1,4465
1,4466
1,4467
1,4468
1,4469
1,4470
1,4471
1,4472
1,4473
1,4474
1,4475
1,4476
1,4477
1,4478
1,4479
1,4480
1,4481
1,4482
1,4483
1,4484
1,4485
1,4486
1,4487
1,4488
1,4489
1,4490
1,4491
1,4492
1,4493
1,4494
1,4495
1,4496
1,4497
1,4498
1,4499
1,4500
1,4501
1,4502
1,4503
1,4504
1,4505
1,4506
1,4507
1,4508
1,4509
1,4510
1,4511
1,4512
1,4513
1,4514
1,4515
1,4516
1,4517
1,4518
1,4519
1,4520
1,4521
1,4522
1,4523
1,4524
1,4525
1,4526
1,4527
1,4528
1,4529
1,4530
1,4531
1,4532
1,4533
1,4534
1,4535
1,4536
1,4537
1,4538
1,4539
1,4540
1,4541
1,4542
1,4543
1,4544
1,4545
1,4546
1,4547
1,4548
1,4549
1,4550
1,4551
1,4552
1,4553
1,4554
1,4555
1,4556
1,4557
1,4558
1,4559
1,4560
1,4561
1,4562
1,4563
1,4564
1,4565
1,4566
1,4567
1,4568
1,4569
1,4570
1,4571
1,4572
1,4573
1,4574
1,4575
1,4576
1,4577
1,4578
1,4579
1,4580
1,4581
1,4582
1,4583
1,4584
1,4585
1,4586
1,4587
1,4588
1,4589
1,4590
1,4591
1,4592
1,4593
1,4594
1,4595
1,4596
1,4597
1,4598
1,4599
1,4600
1,4601
1,4602
1,4603
1,4604
1,4605
1,4606
1,4607
1,4608
1,4609
1,4610
1,4611
1,4612
1,4613
1,4614
1,4615
1,4616
1,4617
1,4618
1,4619
1,4620
1,4621
1,4622
1,4623
1,4624
1,4625
1,4626
1,4627
1,4628
1,4629
1,4630
1,4631
1,4632
1,4633
1,4634
1,4635
1,4636
1,4637
1,4638
1,4639
1,4640
1,4641
1,4642
1,4643
1,4644
1,4645
1,4646
1,4647
1,4648
1,4649
1,4650
1,4651
1,4652
1,4653
1,4654
1,4655
1,4656
1,4657
1,4658
1,4659
1,4660
1,4661
1,4662
1,4663
1,4664
1,4665
1,4666
1,4667
1,4668
1,4669
1,4670
1,4671
1,4672
1,4673
1,4674
1,4675
1,4676
1,4677
1,4678
1,4679
1,4680
1,4681
1,4682
1,4683
1,4684
1,4685
1,4686
1,4687
1,4688
1,4689
1,4690
1,4691
1,4692
1,4693
1,4694
1,4695
1,4696
1,4697
1,4698
1,4699
1,4700
1,4701
1,4702
1,4703
1,4704
1,4705
1,4706
1,4707
1,4708
1,4709
1,4710
1,4711
1,4712
1,4713
1,4714
1,4715
1,4716
1,4717
1,4718
1,4719
1,4720
1,4721
1,4722
1,4723
1,4724
1,4725
1,4726
1,4727
1,4728
1,4729
1,4730
1,4731
1,4732
1,4733
1,4734
1,4735
1,4736
1,4737
1,4738
1,4739
1,4740
1,4741
1,4742
1,4743
1,4744
1,4745
1,4746
1,4747
1,4748
1,4749
1,4750
1,4751
1,4752
1,4753
1,4754
1,4755
1,4756
1,4757
1,4758
1,4759
1,4760
1,4761
1,4762
1,4763
1,4764
1,4765
1,4766
1,4767
1,4768
1,4769
1,4770
1,4771
1,4772
1,4773
1,4774
1,4775
1,4776
1,4777
1,4778
1,4779
1,4780
1,4781
1,4782
1,4783
1,4784
1,4785
1,4786
1,4787
1,4788
1,4789
1,4790
1,4791
1,4792
1,4793
1,4794
1,4795
1,4796
1,4797
1,4798
1,4799
1,4800
1,4801
1,4802
1,4803
1,4804
1,4805
1,4806
1,4807
1,4808
1,4809
1,4810
1,4811
1,4812
1,4813
1,4814
1,4815
1,4816
1,4817
1,4818
1,4819
1,4820
1,4821
1,4822
1,4823
1,4824
1,4825
1,4826
1,4827
1,4828
1,4829
1,4830
1,4831
1,4832
1,4833
1,4834
1,4835
1,4836
1,4837
1,4838
1,4839
1,4840
1,4841
1,4842
1,4843
1,4844
1,4845
1,4846
1,4847
1,4848
1,4849
1,4850
1,4851
1,4852
1,4853
1,4854
1,4855
1,4856
1,4857
1,4858
1,4859
1,4860
1,4861
1,4862
1,4863
1,4864
1,4865
1,4866
1,4867
1,4868
1,4869
1,4870
1,4871
1,4872
1,4873
1,4874
1,4875
1,4876
1,4877
1,4878
1,4879
1,4880
1,4881
1,4882
1,4883
1,4884
1,4885
1,4886
1,4887
1,4888
1,4889
1,4890
1,4891
1,4892
1,4893
1,4894
1,4895
1,4896
1,4897
1,4898
1,4899
1,4900
1,4901
1,4902
1,4903
1,4904
1,4905
1,4906
1,4907
1,4908
1,4909
1,4910
1,4911
1,4912
1,4913
1,4914
1,4915
1,4916
1,4917
1,4918
1,4919
1,4920
1,4921
1,4922
1,4923
1,4924
1,4925
1,4926
1,4927
1,4928
1,4929
1,4930
1,4931
1,4932
1,4933
1,4934
1,4935
1,4936
1,4937
1,4938
1,4939
1,4940
1,4941
1,4942
1,4943
1,4944
1,4945
1,4946
1,4947
1,4948
1,4949
1,4950
1,4951
1,4952
1,4953
1,4954
1,4955
1,4956
1,4957
1,4958
1,4959
1,4960
1,4961
1,4962
1,4963
1,4964
1,4965
1,4966
1,4967
1,4968
1,4969
1,4970
1,4971
1,4972
1,4973
1,4974
1,4975
1,4976
1,4977
1,4978
1,4979
1,4980
1,4981
1,4982
1,4983
1,4984
1,4985
1,4986
1,4987
1,4988
1,4989
1,4990
1,4991
1,4992
1,4993
1,4994
1,4995
1,4996
1,4997
1,4998
1,4999
1,5000
1,5001
1,5002
1,5003
1,5004
1,5005
1,5006
1,5007
1,5008
1,5009
1,5010
1,5011
1,5012
1,5013
1,5014
1,5015
1,5016
1,5017
1,5018
1,5019
1,5020
1,5021
1,5022
1,5023
1,5024
1,5025
1,5026
1,5027
1,5028
1,5029
1,5030
1,5031
1,5032
1,5033
1,5034
1,5035
1,5036
1,5037
1,5038
1,5039
1,5040
1,5041
1,5042
1,5043
1,5044
1,5045
1,5046
1,5047
1,5048
1,5049
1,5050
1,5051
1,5052
1,5053
1,5054
1,5055
1,5056
1,5057
1,5058
1,5059
1,5060
1,5061
1,5062
1,5063
1,5064
1,5065
1,5066
1,5067
1,5068
1,5069
1,5070
1,5071
1,5072
1,5073
1,5074
1,5075
1,5076
1,5077
1,5078
1,5079
1,5080
1,5081
1,5082
1,5083
1,5084
1,5085
1,5086
1,5087
1,5088
1,5089
1,5090
1,5091
1,5092
1,5093
1,5094
1,5095
1,5096
1,5097
1,5098
1,5099
1,5100
1,5101
1,5102
1,5103
1,5104
1,5105
1,5106
1,5107
1,5108
1,5109
1,5110
1,5111
1,5112
1,5113
1,5114
1,5115
1,5116
1,5117
1,5118
1,5119
1,5120
1,5121
1,5122
1,5123
1,5124
1,5125
1,5126
1,5127
1,5128
1,5129
1,5130
1,5131
1,5132
1,5133
1,5134
1,5135
1,5136
1,5137
1,5138
1,5139
1,5140
1,5141
1,5142
1,5143
1,5144
1,5145
1,5146
1,5147
1,5148
1,5149
1,5150
1,5151
1,5152
1,5153
1,5154
1,5155
1,5156
1,5157
1,5158
1,5159
1,5160
1,5161
1,5162
1,5163
1,5164
1,5165
1,5166
1,5167
1,5168
1,5169
1,5170
1,5171
1,5172
1,5173
1,5174
1,5175
1,5176
1,5177
1,5178
1,5179
1,5180
1,5181
1,5182
1,5183
1,5184
1,5185
1,5186
1,5187
1,5188
1,5189
1,5190
1,5191
1,5192
1,5193
1,5194
1,5195
1,5196
1,5197
1,5198
1,5199
1,5200
1,5201
1,5202
1,5203
1,5204
1,5205
1,5206
1,5207
1,5208
1,5209
1,5210
1,5211
1,5212
1,5213
1,5214
1,5215
1,5216
1,5217
1,5218
1,5219
1,5220
1,5221
1,5222
1,5223
1,5224
1,5225
1,5226
1,5227
1,5228
1,5229
1,5230
1,5231
1,5232
1,5233
1,5234
1,5235
1,5236
1,5237
1,5238
1,5239
1,5240
1,5241
1,5242
1,5243
1,5244
1,5245
1,5246
1,5247
1,5248
1,5249
1,5250
1,5251
1,5252
1,5253
1,5254
1,5255
1,5256
1,5257
1,5258
1,5259
1,5260
1,5261
1,5262
1,5263
1,5264
1,5265
1,5266
1,5267
1,5268
1,5269
1,5270
1,5271
1,5272
1,5273
1,5274
1,5275
1,5276
1,5277
1,5278
1,5279
1,5280
1,5281
1,5282
1,5283
1,5284
1,5285
1,5286
1,5287
1,5288
1,5289
1,5290
1,5291
1,5292
1,5293
1,5294
1,5295
1,5296
1,5297
1,5298
1,5299
1,5300
1,5301
1,5302
1,5303
1,5304
1,5305
1,5306
1,5307
1,5308
1,5309
1,5310
1,5311
1,5312
1,5313
1,5314
1,5315
1,5316
1,5317
1,5318
1,5319
1,5320
1,5321
1,5322
1,5323
1,5324
1,5325
1,5326
1,5327
1,5328
1,5329
1,5330
1,5331
1,5332
1,5333
1,5334
1,5335
1,5336
1,5337
1,5338
1,5339
1,5340
1,5341
1,5342
1,5343
1,5344
1,5345
1,5346
1,5347
1,5348
1,5349
1,5350
1,5351
1,5352
1,5353
1,5354
1,5355
1,5356
1,5357
1,5358
1,5359
1,5360
1,5361
1,5362
1,5363
1,5364
1,5365
1,5366
1,5367
1,5368
1,5369
1,5370
1,5371
1,5372
1,5373
1,5374
1,5375
1,5376
1,5377
1,5378
1,5379
1,5380
1,5381
1,5382
1,5383
1,5384
1,5385
1,5386
1,5387
1,5388
1,5389
1,5390
1,5391
1,5392
1,5393
1,5394
1,5395
1,5396
1,5397
1,5398
1,5399
1,5400
1,5401
1,5402
1,5403
1,5404
1,5405
1,5406
1,5407
1,5408
1,5409
1,5410
1,5411
1,5412
1,5413
1,5414
1,5415
1,5416
1,5417
1,5418
1,5419
1,5420
1,5421
1,5422
1,5423
1,5424
1,5425
1,5426
1,5427
1,5428
1,5429
1,5430
1,5431
1,5432
1,5433
1,5434
1,5435
1,5436
1,5437
1,5438
1,5439
1,5440
1,5441
1,5442
1,5443
1,5444
1,5445
1,5446
1,5447
1,5448
1,5449
1,5450
1,5451
1,5452
1,5453
1,5454
1,5455
1,5456
1,5457
1,5458
1,5459
1,5460
1,5461
1,5462
1,5463
1,5464
1,5465
1,5466
1,5467
1,5468
1,5469
1,5470
1,5471
1,5472
1,5473
1,5474
1,5475
1,5476
1,5477
1,5478
1,5479
1,5480
1,5481
1,5482
1,5483
1,5484
1,5485
1,5486
1,5487
1,5488
1,5489
1,5490
1,5491
1,5492
1,5493
1,5494
1,5495
1,5496
1,5497
1,5498
1,5499
1,5500
1,5501
1,5502
1,5503
1,5504
1,5505
1,5506
1,5507
1,5508
1,5509
1,5510
1,5511
1,5512
1,5513
1,5514
1,5515
1,5516
1,5517
1,5518
1,5519
1,5520
1,5521
1,5522
1,5523
1,5524
1,5525
1,5526
1,5527
1,5528
1,5529
1,5530
1,5531
1,5532
1,5533
1,5534
1,5535
1,5536
1,5537
1,5538
1,5539
1,5540
1,5541
1,5542
1,5543
1,5544
1,5545
1,5546
1,5547
1,5548
1,5549
1,5550
1,5551
1,5552
1,5553
1,5554
1,5555
1,5556
1,5557
1,5558
1,5559
1,5560
1,5561
1,5562
1,5563
1,5564
1,5565
1,5566
1,5567
1,5568
1,5569
1,5570
1,5571
1,5572
1,5573
1,5574
1,5575
1,5576
1,5577
1,5578
1,5579
1,5580
1,5581
1,5582
1,5583
1,5584
1,5585
1,5586
1,5587
1,5588
1,5589
1,5590
1,5591
1,5592
1,5593
1,5594
1,5595
1,5596
2,2
2,1161
2,1336
2,1459
2,1737
2,2169
2,2178
2,2386
2,2387
2,2451
2,4002
2,4038
2,4136
2,4149
2,4580
2,4755
2,5158
2,5176
3,3
3,1553
3,1641
3,1669
3,1853
3,2797
3,3086
3,3223
3,3770
3,4226
3,4377
3,4951
4,4
4,300
4,2418
5,5
5,137
5,199
5,208
5,210
5,590
5,727
5,750
5,922
5,1025
5,1227
5,1935
5,3462
6,6
6,37
6,67
6,104
6,631
6,714
6,987
6,1494
6,1555
6,1772
6,2016
6,2021
6,2171
6,2445
6,3076
6,3294
6,3419
6,3636
6,3714
6,4028
6,4583
6,4683
6,4937
6,5002
6,5004
6,5031
6,5129
6,5214
7,11
7,317
7,453
7,456
7,533
7,790
7,1164
7,1347
7,1896
7,1953
7,2074
7,2986
7,3168
7,3567
7,4124
7,4601
7,4607
7,4686
7,4863
7,5055
7,5256
8,12
8,584
8,2437
8,3063
8,4178
9,13
9,216
9,865
9,1749
9,1777
9,1857
9,3153
10,14
10,28
10,1312
10,2140
10,2559
10,2967
10,3271
10,3324
10,4328
10,5633
11,15
11,433
11,887
11,1712
11,2311
11,2460
11,2462
11,3968
11,4954
12,17
12,323
12,328
12,341
12,391
12,614
12,638
12,712
12,741
12,979
12,1434
12,1527
12,1548
12,1592
12,1982
12,2318
12,2385
12,2489
12,2668
12,2761
12,3307
12,3373
12,3561
12,3707
12,4159
12,4716
13,18
13,362
13,408
13,2621
13,2898
13,4048
14,20
14,88
14,350
14,997
14,1247
14,4749
14,4895
15,21
15,22
15,2201
15,2346
15,3034
15,3061
15,3198
15,5174
16,23
16,82
16,200
16,315
16,435
16,438
16,677
16,2961
16,5312
17,24
17,49
17,533
17,586
17,684
17,1388
17,1489
17,2134
17,3701
17,3792
17,4912
17,5047
17,5536
17,5611
18,26
18,3907
18,4414
18,5540
19,29
19,34
19,35
19,36
19,841
19,852
19,867
19,889
19,1028
19,1721
19,2645
19,2791
19,2821
19,3458
19,3719
19,4417
19,4709
19,4714
19,4773
19,4795
19,5459
20,30
20,520
20,711
20,723
20,992
20,1147
20,1795
20,1867
20,2033
20,2172
20,2359
20,2362
20,2390
20,4416
20,4983
20,5267
20,5468
21,31
21,495
21,1822
21,3001
21,3002
21,3525
21,3895
22,32
22,302
22,1012
22,1546
22,3484
22,3740
22,3992
23,33
23,816
23,832
23,2404
23,2536
24,38
24,295
24,489
24,688
24,835
24,1317
24,1593
24,2928
24,3127
24,3512
24,3732
25,41
25,212
25,863
25,888
25,1594
25,1817
25,2371
25,2819
25,2902
25,3456
25,3943
26,43
26,421
26,826
26,1355
26,2703
26,4244
27,44
27,848
27,1608
27,1823
27,1999
27,2167
27,2170
27,2187
27,2374
27,2515
27,2642
27,4069
27,4142
27,4346
27,4548
27,4573
27,4715
27,4994
28,45
28,493
28,503
28,808
28,1595
28,1959
28,1984
28,3437
28,3935
28,3945
28,4177
28,5060
28,5168
29,46
29,270
29,427
29,1970
29,2600
29,2943
29,3274
29,4515
30,47
30,68
30,209
30,1406
30,1442
30,1702
30,2078
30,2506
30,2576
30,3146
30,3221
30,3388
30,3513
30,4056
30,4570
30,4582
30,4740
30,4913
30,5048
30,5203
30,5509
31,48
31,607
31,1016
31,1583
31,2154
31,2199
31,2316
31,2469
31,2470
31,2808
31,2937
31,3196
31,3338
31,3392
31,4093
31,4367
31,4758
31,4946
31,4947
31,5304
31,5473
32,50
32,120
32,705
32,968
32,2061
32,2514
32,3151
32,3491
32,3893
32,5401
32,5650
33,52
33,138
33,147
33,612
33,710
33,1082
33,1525
33,3193
34,53
34,361
34,553
34,569
34,797
34,1054
34,1069
34,1463
34,1757
34,1976
34,2121
34,2449
34,2479
34,3045
34,3246
34,3575
34,3859
34,3988
34,4095
34,4096
34,4286
35,55
35,56
35,87
35,106
35,234
35,294
35,304
35,425
35,811
35,1281
35,1433
35,1458
35,1735
35,1891
35,4419
35,4564
35,5432
36,58
36,167
36,310
36,314
36,2931
36,2932
36,2983
36,3317
36,3896
36,4065
37,59
37,143
37,144
37,650
37,743
37,823
37,1398
37,1578
37,2183
37,2315
37,2471
37,2674
37,2994
37,3020
37,3025
37,3137
37,3157
37,3283
37,3887
37,3923
37,4212
37,5003
37,5494
38,60
38,417
38,793
38,794
38,973
38,1031
38,1056
38,1311
38,1366
38,1513
38,1551
38,2426
38,2431
38,2493
38,2564
38,2661
38,2974
38,4029
38,4249
38,4457
38,5062
38,5513
39,61
39,370
39,476
39,1895
40,63
40,77
40,296
40,387
40,390
40,405
40,416
40,477
40,637
40,695
40,777
40,928
40,974
40,1429
40,1909
40,1923
40,2352
40,2381
40,2419
40,2623
40,3112
40,3128
40,4148
41,64
41,65
41,779
41,819
41,955
41,1149
41,1492
41,1598
41,1798
41,1878
41,2111
41,2290
41,2508
41,2743
41,2883
41,3023
41,3429
41,3556
41,4445
41,4574
41,4695
41,4696
42,66
42,641
42,669
42,708
42,929
42,1322
43,72
43,84
43,414
43,474
43,866
43,1245
43,1246
43,1382
43,1562
43,2118
43,2158
43,2163
43,3028
43,4832
43,5251
44,73
45,74
45,542
45,663
45,1961
45,2150
45,2434
45,2613
45,2617
45,3783
45,4123
45,4577
45,4633
45,4693
45,4874
45,5237
45,5244
45,5284
45,5547
46,75
46,79
46,184
46,251
46,260
46,263
46,683
46,839
46,872
46,2452
46,2612
46,2614
46,2741
46,2779
46,2845
46,3580
46,3966
46,4140
46,4510
47,76
47,245
47,449
47,728
47,914
47,2180
47,2185
47,2186
47,3364
47,3617
47,3953
47,4646
47,5645
47,5646
48,80
48,174
48,223
48,262
48,594
48,687
48,1277
48,1358
48,1362
48,2104
48,2667
48,2740
48,2901
48,2907
48,3734
48,4386
48,4469
48,4656
48,4806
48,4884
48,4969
48,4976
48,5046
48,5490
49,81
49,83
49,90
49,141
49,195
49,196
49,207
49,748
49,751
49,812
49,846
49,902
49,903
49,1343
49,1410
49,1995
49,2272
49,2391
49,2690
49,2727
49,3268
49,3526
49,3530
49,3816
49,3820
49,4145
49,4476
49,4552
49,4805
49,5116
49,5218
50,89
50,96
50,192
50,324
50,396
50,906
50,1342
50,1389
50,1393
50,2047
50,3056
50,3290
50,4627
51,91
51,130
51,533
51,534
51,1250
51,4171
51,4864
51,5663
51,5664
52,92
52,338
52,690
52,735
52,783
52,784
52,787
52,875
52,876
52,879
52,881
52,913
52,1238
52,1661
52,2086
52,2223
52,2247
52,2603
52,3014
52,3147
52,3167
52,3178
52,3189
52,3213
52,3423
52,3539
52,3812
52,3921
52,4172
52,4634
52,4810
52,4921
52,4964
52,5029
52,5039
52,5321
52,5461
53,93
53,181
53,220
53,250
53,460
53,592
53,744
53,918
53,1397
53,1430
53,1905
53,1997
53,2411
53,3101
53,3228
53,3557
53,3710
53,3713
53,4219
53,4685
53,5010
54,94
54,129
54,168
54,1113
54,1618
54,1752
54,2230
54,2231
54,2588
54,2602
54,2605
54,2607
54,3170
54,3586
54,4125
54,5040
55,95
55,125
55,127
55,180
55,219
55,306
55,400
55,432
55,457
55,458
55,665
55,831
55,1364
55,2280
55,2455
55,2960
55,3333
55,3376
55,3571
55,3634
55,3642
55,3948
55,4906
55,5246
55,5342
55,5367
56,97
56,182
56,183
56,969
56,2181
56,2256
56,2257
56,3138
56,3605
56,3757
56,3778
56,3972
56,4000
56,4301
56,4302
56,5334
57,98
57,431
57,452
57,2655
57,4845
57,5665
57,5666
57,5667
57,5668
58,102
58,466
58,467
58,773
58,1001
58,1007
58,1612
58,1615
58,3111
58,3603
58,3981
58,4183
58,4184
58,4374
58,4388
59,103
59,861
59,1572
59,1645
59,3110
59,3191
59,3404
59,3957
59,3994
59,4265
59,4309
59,4644
59,5021
60,105
60,836
60,2537
60,5626
60,5627
61,107
61,566
61,572
61,956
61,1223
61,1497
61,1835
61,1836
61,1837
61,1948
61,2562
61,2688
61,2800
61,4089
61,4217
61,4418
62,108
62,109
62,140
62,214
62,581
62,582
62,703
62,1197
62,1486
62,1519
62,1559
62,1642
62,1724
62,2327
62,2826
62,3057
62,3107
62,3241
62,3301
62,3866
62,4109
62,4139
62,4647
63,110
63,415
63,1294
63,1975
63,2041
63,2210
63,2392
63,2421
63,3048
63,3853
63,4298
63,4926
64,111
64,112
64,331
64,332
64,343
64,1034
64,1541
64,1542
64,1570
64,1784
64,2049
64,3469
64,3582
64,3898
64,4347
65,113
65,1719
65,2546
65,4343
66,114
66,635
66,692
66,769
66,966
66,1036
66,1567
66,1569
66,1850
66,2032
66,2503
66,2682
66,2723
66,2871
66,2908
66,3289
66,3729
66,4741
66,5045
66,5298
67,115
67,117
67,119
67,327
67,557
67,558
67,639
67,825
67,980
67,984
67,985
67,1048
67,1050
67,1124
67,1613
67,1657
67,1939
67,2824
67,3165
67,3231
67,3263
67,3284
67,3566
67,3903
67,4232
67,4584
67,4642
67,5089
67,5124
68,116
68,652
68,856
68,857
68,1060
68,1163
68,2088
68,3330
68,5119
69,118
69,1656
69,1816
69,3370
69,3777
69,4132
70,121
70,254
70,256
70,674
70,1357
70,1431
70,1432
70,1727
70,1940
70,2458
70,2532
70,2533
70,2926
70,3173
70,3758
70,3974
70,3983
70,4554
70,4920
70,5112
70,5273
70,5275
70,5315
70,5419
70,5651
70,5652
70,5653
70,5654
70,5655
71,122
71,734
71,965
71,1754
71,1899
71,2120
71,2232
71,2477
71,2781
71,3015
71,3035
71,3105
72,123
72,2403
72,3091
73,126
73,655
73,700
73,1211
73,1903
73,2075
73,2996
73,3032
73,3072
74,128
74,131
74,356
74,870
74,877
74,878
74,880
74,882
74,3517
74,4106
74,4899
74,5327
74,5350
75,133
75,940
75,1073
75,1208
75,1796
75,2530
75,2567
75,2568
75,2870
75,3239
75,3800
75,4394
76,134
76,907
76,909
77,135
77,618
77,1544
77,1952
77,2243
77,3010
77,3098
77,3649
77,5212
78,142
78,654
79,146
79,1588
79,2113
80,148
80,916
80,3613
80,4137
81,149
81,158
81,162
81,164
81,833
81,1094
81,1128
81,1619
81,1630
81,2068
81,2699
81,3222
81,3510
81,4013
81,4020
82,150
82,159
82,201
82,203
82,267
82,342
82,481
82,519
82,858
82,868
82,933
82,1231
82,1318
82,1411
82,1566
82,1677
82,1845
82,1910
82,1928
82,1947
82,1990
82,2027
82,2028
82,2038
82,2190
82,2229
82,2571
82,2660
82,3136
82,3224
82,3831
82,3867
82,4063
82,4307
83,151
83,1107
83,1170
83,1438
83,2417
83,3158
83,3494
83,3508
83,3693
83,3854
83,4840
83,4868
83,4996
84,152
84,160
84,1111
84,2879
84,3087
84,4088
85,154
85,1718
85,1745
85,3440
86,155
86,1011
86,1064
86,1384
86,1607
86,2812
86,2836
86,3365
86,3432
86,3699
86,3862
86,5132
87,156
87,1395
87,2144
87,4796
87,5370
88,165
88,585
88,1394
88,1529
88,2019
88,2176
88,2373
88,2775
88,3133
88,3871
88,5233
89,170
89,316
89,862
89,2119
89,2487
89,2520
89,3172
89,3455
89,3468
89,3811
89,4623
89,5318
90,171
90,177
90,179
90,218
90,246
90,357
90,471
90,578
90,919
90,964
90,1249
90,1596
90,1660
90,2221
90,2222
90,2481
90,2643
90,2683
90,2923
90,3207
90,3563
90,3564
90,4308
90,4618
90,5033
91,173
91,259
91,281
91,547
91,2001
91,2030
91,2062
91,4736
91,5545
92,175
93,185
94,188
94,189
94,1065
94,1662
94,1980
94,4182
94,4354
94,4938
94,5377
95,191
95,993
95,1126
95,2548
95,3254
95,4043
95,5087
96,193
96,3013
96,3496
96,3846
96,4846
97,194
97,538
97,543
97,749
97,791
97,844
97,904
97,2209
97,3614
97,3951
97,4190
97,4668
97,4875
97,5079
98,197
98,373
98,1255
98,1256
98,1545
98,1812
98,2347
98,4042
98,4115
98,4120
98,4138
98,4568
99,198
99,430
99,1971
99,2360
99,2527
99,2739
99,3103
99,3104
99,3466
99,4691
100,202
100,545
100,552
100,2008
100,2676
100,3527
100,4962
101,204
101,249
101,540
101,546
101,548
101,640
101,2264
101,2552
101,4246
101,4468
101,4890
101,4992
101,5103
101,5669
101,5670
102,205
102,1610
102,1809
102,2406
102,3847
102,5585
103,211
103,567
103,1483
103,2094
103,2095
103,2258
103,2402
103,2522
103,3074
103,3144
103,3434
103,3471
103,3552
103,3646
103,3802
103,3827
103,3927
103,4062
103,4133
103,4626
103,4942
103,5269
104,213
104,247
104,333
104,756
104,827
104,850
104,944
104,1204
104,1287
104,1399
104,1440
104,1547
104,1720
104,2790
104,2834
104,3202
104,3272
104,3752
104,3797
104,3856
104,3985
104,4104
104,4362
104,4587
104,4705
104,5348
104,5415
105,215
106,224
106,240
106,284
106,739
106,1061
106,1132
106,1165
106,1904
106,2673
106,3064
106,4526
106,4889
106,5044
107,228
107,809
107,1024
107,1092
107,1305
107,1550
107,1587
107,1826
107,2051
107,2366
107,2843
108,230
108,681
108,3242
108,4631
109,231
109,1237
109,2473
109,2659
109,2666
109,2679
109,3077
109,4158
110,232
110,3884
110,4809
111,233
111,535
111,886
111,2206
111,2250
111,2541
111,2542
111,3444
111,3799
111,4720
111,4779
111,4878
111,4961
111,5001
111,5313
111,5324
111,5403
111,5440
112,235
112,325
112,326
112,355
112,372
112,905
112,1063
112,1635
112,2554
112,3821
112,4222
113,236
113,4551
114,237
114,1212
114,1414
114,1476
114,2583
114,4227
114,5164
115,238
115,320
115,339
115,570
115,707
115,958
115,1303
115,1789
115,1790
115,2132
115,2219
115,2220
115,2351
115,2587
115,2680
115,3439
115,3667
115,3674
115,4080
115,4218
115,4304
115,4360
115,4507
115,5152
115,5271
116,241
116,462
116,465
116,1039
116,1455
116,2561
116,2622
116,3182
116,4231
116,4408
116,4518
116,4817
117,242
117,730
117,1915
117,3237
117,4429
117,4707
117,5255
118,243
118,2478
118,5230
119,244
119,434
119,1268
119,1898
119,2333
119,2709
119,3021
119,3083
119,3252
119,3311
119,3319
119,3919
119,4359
119,4672
119,4880
119,5101
119,5286
120,77
120,166
120,187
120,248
120,444
120,757
120,975
120,1205
120,1270
120,1351
120,1447
120,1968
120,2538
120,2995
120,3589
120,3648
120,4230
120,5527
120,5602
120,5603
120,5604
120,5605
120,5606
120,5607
120,5608
121,253
121,446
121,1485
121,1839
121,1913
121,2035
121,2713
121,3052
121,3259
121,3779
121,5662
122,255
122,257
122,347
122,595
122,873
122,983
122,1271
122,1499
122,1563
122,1658
122,1729
122,2263
122,2494
122,3119
122,3431
122,3619
122,3654
122,3852
122,4191
122,4338
122,4611
122,4719
122,4753
122,4960
123,258
124,261
124,830
124,860
124,1654
124,2029
124,2321
124,3169
124,4203
124,4778
124,5647
124,5648
124,5649
125,264
125,352
125,593
125,597
125,1251
125,1276
125,1278
125,1726
125,1728
125,1744
125,2457
125,2922
125,2925
125,3298
125,3411
125,4012
125,4228
125,4390
125,4546
125,4680
125,5076
125,5380
125,5442
126,266
126,531
126,1564
126,3416
126,4066
126,4195
126,4318
126,4904
126,4909
127,269
127,943
127,1178
127,1219
127,1372
127,1472
127,1473
127,1474
127,1491
127,1597
127,1877
127,1929
127,2212
127,2700
127,2729
127,2886
127,3414
127,3568
127,4097
127,4400
127,4495
127,4697
127,5530
128,271
128,272
128,273
128,843
128,1392
128,1401
128,1402
128,1403
128,1736
128,1750
128,1864
128,3806
128,4329
128,4412
128,4536
128,4655
128,5188
128,5253
128,5365
128,5543
129,274
129,1187
129,1216
129,1453
129,1460
129,1962
129,2649
129,3321
129,5027
129,5396
130,277
130,445
130,571
130,915
130,936
130,1080
130,1095
130,1412
130,1709
130,1788
130,2116
130,2287
130,2935
130,3181
130,3476
130,3711
130,4273
130,4415
131,278
131,280
131,492
131,963
131,1361
131,4748
132,24
132,282
132,895
132,908
132,2054
132,2751
133,283
133,579
133,855
133,1210
133,1636
133,2510
133,3908
133,3933
133,4652
133,5194
133,5507
134,287
134,1003
134,1889
134,1906
134,1934
134,2534
134,2854
134,2855
134,2917
134,2952
134,3335
134,3408
134,3409
134,3501
134,3702
134,3818
134,3906
134,4033
134,4387
134,4538
134,4559
134,5122
134,5285
135,288
135,691
135,1151
135,1185
135,1481
135,2736
135,2955
135,3018
135,3325
135,3353
135,4597
135,5163
135,5577
136,290
136,1560
136,2026
136,2944
136,3728
136,3753
136,3754
136,3759
136,3944
136,4127
136,4292
136,4579
136,5544
137,292
137,464
137,694
137,910
137,1264
137,1500
137,1501
137,1556
137,1787
137,1932
137,2010
137,2189
137,2577
137,3008
137,3114
137,3529
137,3688
137,3965
137,4119
137,4284
137,4453
137,4459
137,4781
137,5374
138,297
138,442
138,1428
138,1779
138,3123
139,298
139,426
139,706
139,764
139,1117
139,1300
139,2148
139,2341
139,2525
139,2573
139,2646
139,3184
139,3577
139,3838
139,4489
139,5450
140,301
140,544
140,664
140,815
140,1086
140,1960
140,2753
140,3622
140,4561
140,4638
140,5151
140,5274
140,5433
141,305
142,307
142,308
142,1241
142,2393
142,2423
142,2698
142,3553
142,4829
143,309
144,311
144,623
144,838
144,851
144,946
144,1371
144,1404
144,1987
144,2145
144,2504
144,2894
144,3185
144,3188
144,3837
144,4164
144,4236
144,4364
144,4865
144,4871
145,312
145,532
145,802
145,1030
145,2265
145,3687
146,313
146,422
146,423
146,693
146,1027
146,1032
146,1340
146,1699
146,2777
146,2828
146,3042
146,3597
146,3964
146,5265
147,318
147,1297
147,2361
147,2500
147,3084
147,3314
147,3521
147,3523
147,3551
147,3857
147,4324
147,4800
148,321
148,626
148,774
148,775
148,2388
148,2833
148,3801
148,4185
148,4325
148,4595
148,4819
148,5011
149,24
149,322
149,483
149,484
149,485
149,651
149,824
149,850
149,895
149,1427
149,1490
149,1797
149,2024
149,2328
149,2611
149,2707
149,2837
149,3024
149,3122
149,3291
149,3296
149,3681
149,3890
149,3905
149,4087
149,4243
149,4622
149,5309
149,5508
149,5671
149,5672
150,330
151,334
151,1711
151,2989
151,3053
151,3360
151,4224
151,4225
151,5469
151,5661
152,336
152,2048
152,4351
152,4802
153,337
153,1405
153,1647
153,3709
154,340
154,537
155,344
155,606
155,1274
155,2044
155,3401
155,3795
155,4520
155,4545
155,4877
155,5198
155,5343
156,345
156,2123
156,3039
156,3203
156,3331
156,5292
156,5500
157,348
157,349
157,786
157,967
157,981
157,1725
157,1998
157,2205
157,2364
157,3120
157,3205
157,3421
157,3599
157,4939
157,5361
158,353
158,490
158,671
158,772
158,932
158,1070
158,1083
158,1257
158,2615
158,3131
158,4113
158,4272
158,5173
159,354
159,1651
159,2438
159,3218
159,3363
159,5007
159,5409
159,5643
159,5644
160,359
161,360
161,1700
161,1985
162,363
162,378
162,379
162,1154
162,1419
162,1738
162,1882
162,2082
162,2097
162,2656
162,3690
162,3804
163,364
163,627
163,1068
163,1173
163,1327
163,1367
163,1368
163,1692
163,1769
163,1868
163,1869
163,2138
163,2141
163,2363
163,3399
163,4009
163,4678
163,5489
164,365
164,1196
164,1232
164,1233
164,1799
164,1851
164,2266
164,2852
164,3047
164,3595
164,3670
164,3949
164,4248
164,5425
165,367
165,653
165,2103
165,2317
165,2340
165,2453
165,3910
165,3911
165,3913
165,4958
165,5035
165,5083
165,5147
165,5207
165,5270
166,368
166,374
166,1533
166,1893
166,2137
166,2337
166,3916
166,5283
167,369
167,656
167,2339
167,2758
167,3251
167,3901
167,3912
167,4480
168,371
168,934
168,953
168,1441
168,1865
168,1875
168,1897
168,2555
168,2618
168,3535
168,4051
168,4619
169,375
169,4174
169,5290
169,5601
170,380
170,961
170,1008
170,1067
170,1100
170,1505
170,1731
170,1855
170,2000
170,2177
170,3194
170,3885
170,4197
170,4455
170,4528
170,4731
170,5522
171,381
172,382
172,1058
172,1582
172,2076
172,2805
172,2975
172,3766
172,3868
172,4006
172,4045
173,383
173,1186
173,2037
173,2853
173,3081
173,3645
173,4968
173,4989
173,5074
173,5351
174,385
174,2971
174,3007
174,3174
174,3420
174,5250
174,5329
175,386
176,388
176,441
176,1400
176,1435
176,1604
176,1986
176,2204
176,2310
176,2344
176,2350
176,2574
176,2721
176,2874
176,2884
176,3183
176,3313
176,3407
176,3413
176,3721
176,3744
176,3963
176,4234
176,4558
176,4777
176,4814
176,4984
176,5229
176,5262
177,389
177,509
177,817
177,893
177,2149
177,5254
178,392
178,3380
179,393
179,1040
179,1043
179,1383
179,1631
179,2073
179,2442
179,2798
179,3835
179,4167
179,4269
179,4645
179,4651
179,4701
179,4702
179,4703
179,4883
179,4903
179,5231
180,394
180,719
180,1014
180,1143
180,2127
180,2809
180,3346
180,3378
180,3379
180,4005
180,4259
180,4441
180,4603
180,5341
180,5534
181,395
181,588
181,718
181,771
181,1109
181,1696
181,2110
181,2273
181,2292
181,2293
181,2294
181,3006
181,3040
181,3592
181,3620
181,4486
181,4834
182,397
182,2429
182,2634
182,2749
183,398
183,1491
183,2005
183,2397
183,3019
183,3171
183,3186
183,3282
183,4092
183,4710
183,4790
183,4908
183,5120
183,5451
183,5593
183,5673
183,5674
183,5675
184,401
184,792
184,3125
184,5498
185,402
185,1139
185,1140
185,1236
185,1244
185,1885
185,3544
185,3612
185,5030
185,5476
186,403
186,550
186,782
186,1006
186,1101
186,1239
186,1258
186,1286
186,1655
186,1694
186,2039
186,2332
186,2669
186,2876
186,3367
186,3604
186,4068
186,4168
186,4444
186,4452
186,4549
186,4717
186,4917
187,404
187,642
187,806
187,1413
187,1418
187,1681
187,1682
187,1828
187,2105
187,2252
187,2281
187,2811
187,2858
187,3230
187,3382
187,3841
187,4118
187,4879
187,5531
188,406
188,1794
188,2706
188,4762
189,407
190,410
190,411
190,413
190,715
190,807
190,891
190,1022
190,1457
190,1993
190,2485
190,2582
190,2951
190,2954
190,4799
191,412
191,529
191,853
191,854
191,1162
191,1508
191,1552
191,1964
191,2728
191,2796
191,2942
191,2997
191,3135
191,3596
191,4017
191,4322
191,4337
191,4339
191,4772
191,4911
191,5408
192,418
193,419
194,420
194,1783
194,1918
194,4130
194,4270
194,5206
195,424
195,636
195,810
195,1780
195,2203
196,429
196,1091
196,1763
196,1965
196,2045
196,3601
196,4929
197,436
197,437
197,554
198,439
198,440
198,451
198,1740
198,2604
198,3235
198,3698
198,5470
198,5503
199,443
199,678
199,1134
199,1944
199,2456
199,2750
199,2794
199,4690
200,447
201,448
201,1831
201,1920
201,2689
201,2697
201,5609
201,5610
202,450
202,649
202,1574
202,2034
202,2165
202,2375
202,2401
202,2630
202,3055
202,3478
202,3724
202,3751
202,3900
202,4085
202,4173
202,4461
202,4825
202,4826
202,4827
202,4876
202,5065
202,5263
203,454
203,938
203,3574
203,5634
204,455
204,541
204,662
204,672
204,2164
204,2440
204,2441
204,3489
204,4112
204,4210
204,4692
204,5333
205,461
205,1632
205,2117
205,2413
205,2524
205,2594
205,2598
206,463
206,608
206,609
206,917
206,988
206,2814
206,3261
207,473
207,994
207,1122
207,1145
207,1262
207,1292
207,1316
207,2106
207,2131
207,2166
207,2278
207,2608
207,2891
207,3899
207,3904
207,4233
207,4437
207,4488
207,5232
207,5402
208,478
208,479
208,657
208,950
208,951
208,1439
208,1849
208,2286
208,2288
208,2389
208,2593
208,2641
208,3160
208,3791
208,4235
208,4242
208,4263
208,4303
208,4506
208,4732
208,4841
208,4948
208,5249
208,5434
209,480
209,517
209,942
209,1289
209,1425
209,1426
209,2331
209,2720
209,3097
209,3264
209,3969
209,3970
210,482
210,610
210,1907
210,2207
211,486
211,2155
212,487
212,502
212,742
212,1059
212,1722
212,1782
212,2496
212,2501
212,3644
213,494
213,501
213,605
213,720
213,927
213,2126
213,3371
213,3391
213,3549
213,4764
213,5042
214,496
214,1503
214,1603
214,3448
214,3565
214,5266
215,497
215,1116
215,1273
215,1862
215,2271
215,2671
215,3475
215,4643
215,4847
215,4855
215,5137
215,5405
216,498
216,512
216,522
217,500
217,1577
217,4594
218,504
218,781
218,1713
218,1714
218,2157
218,2235
218,2296
218,4350
219,505
219,5399
220,506
220,1049
220,3576
220,4986
220,5038
221,507
221,633
221,1259
221,1272
221,1280
221,1363
221,1814
221,1937
221,1988
221,2017
221,2270
221,3403
221,3926
221,5340
221,5448
222,508
222,722
222,1510
222,2043
222,2672
222,2714
222,3118
222,4393
222,4532
222,4533
222,4534
222,4677
222,5064
222,5427
223,510
223,513
223,2124
223,2701
223,2860
223,3148
223,4687
224,511
224,1000
224,2866
224,5598
224,5599
224,5600
225,515
225,516
225,4031
225,5355
226,518
226,912
226,924
226,1620
226,2550
226,2733
226,2760
226,2762
226,2773
226,2859
226,2972
226,3073
226,3350
226,3381
226,4131
226,4460
226,5090
226,5439
227,521
227,1805
227,2003
227,3320
227,3600
227,4963
227,5307
228,523
228,524
228,526
229,527
229,937
229,4151
229,4649
230,536
231,556
232,559
232,970
232,1766
232,2865
232,3109
232,3117
233,560
233,600
233,1842
233,2025
233,2090
233,2254
233,2467
233,2540
233,4165
234,561
234,1478
234,2653
234,2829
234,2959
234,3682
234,4403
235,562
235,563
235,740
235,1385
235,1396
235,2368
235,2635
235,2802
235,2846
235,2963
235,3022
236,564
236,1078
236,2015
236,2040
236,2547
236,2841
236,2913
236,3049
236,3150
236,4114
236,4297
236,4319
236,4366
236,5352
237,575
237,721
237,869
237,977
237,1263
237,1571
237,2233
237,3750
237,4442
238,580
238,2059
238,3825
239,583
239,1296
240,591
240,613
240,753
240,762
240,1946
240,2882
240,3302
240,4743
240,5018
240,5149
241,596
241,1062
241,1352
241,1941
241,1942
241,3062
241,3192
241,3532
241,3538
241,3872
241,4040
241,4751
242,599
242,666
242,1041
242,1057
242,1235
242,2065
242,2476
242,2868
242,2945
242,3068
242,3340
242,3578
242,3579
242,4238
242,4239
243,601
243,1664
243,3879
243,5234
244,602
244,733
244,1266
244,1969
244,2570
244,3767
244,4285
245,611
245,892
245,1282
245,1741
245,1781
245,1974
245,2007
245,2410
245,3418
245,3518
245,3669
245,4251
245,4653
246,615
246,1201
246,1673
246,1791
247,617
247,1072
248,619
248,1077
248,1267
248,1451
248,1471
248,1482
248,1506
248,1602
248,2299
248,2394
248,2948
248,3610
248,3877
248,4061
248,4083
248,4091
248,4493
248,5356
249,620
249,1230
249,1523
249,1840
249,4081
249,4572
249,4955
250,621
250,622
250,1175
250,1511
250,1558
250,1927
250,2192
250,2313
250,2663
250,2724
250,2745
250,2752
250,2755
250,2820
250,2920
250,3559
250,3774
250,3808
250,4223
250,4669
250,4972
250,5235
250,5475
250,5517
251,624
252,628
252,630
252,1900
252,2856
252,3012
252,3102
252,3739
253,629
253,900
253,1283
253,1309
253,1341
253,1369
253,1446
253,1679
253,2128
253,2785
253,2880
253,3281
253,3368
253,3481
253,4105
253,4237
253,4786
254,632
254,747
254,5097
255,643
255,1110
255,1112
255,1129
255,1168
255,1902
255,3044
255,3099
255,3716
256,644
256,822
256,1093
257,21
257,511
257,647
257,689
257,986
257,1247
257,1616
257,1994
257,4026
257,4432
257,5409
257,5644
257,5645
257,5648
257,5656
257,5657
257,5658
257,5659
257,5660
258,658
258,770
258,1218
258,1376
258,1377
258,1417
258,1493
258,2289
258,2556
258,2572
258,2840
258,3461
258,3486
258,3984
259,659
259,660
259,1917
259,2020
259,2042
259,3179
259,3657
260,670
260,901
260,1023
260,1075
260,1148
260,1192
260,1222
260,1298
260,1365
260,1584
260,1819
260,1824
260,1844
260,1880
260,2654
260,2906
260,4599
261,673
262,679
262,5580
263,680
264,682
264,788
264,1089
264,3108
264,3250
264,5444
265,685
265,1053
265,1088
265,1253
265,1387
265,1568
265,1573
265,1767
265,1768
265,1785
265,1802
265,2023
265,3026
265,3132
265,3351
265,3845
265,3858
265,4257
265,4326
265,4355
265,4385
265,4399
265,4598
265,5200
265,5407
266,686
266,2519
267,698
267,1182
267,1183
267,1638
267,1716
267,1770
267,2348
267,2899
267,3166
267,3467
267,3762
268,699
268,3883
269,701
269,962
269,1242
269,2495
269,4046
269,4648
269,5456
270,709
270,1540
270,1678
270,2135
270,3303
270,3727
271,713
271,1626
271,3038
271,5619
271,5620
272,716
273,724
273,2087
273,2704
273,3397
273,3570
274,725
274,2325
275,726
275,1009
275,1097
275,1214
275,1321
275,1354
275,1424
275,1633
275,2268
275,2395
275,2407
275,2408
275,2579
275,2789
275,3058
275,3175
275,3292
275,3326
275,3402
275,3562
275,4335
275,4787
275,4872
276,737
276,1881
276,2466
276,2839
276,2970
277,738
277,798
277,800
277,1046
277,1695
277,1979
278,746
278,2009
278,2168
278,2664
278,3929
278,4100
279,755
279,1055
279,2379
279,3920
280,758
280,760
280,761
280,1353
280,1742
280,1884
280,2156
280,2303
280,2483
280,3405
280,4383
280,4384
280,4596
280,4667
280,5175
280,5501
281,759
281,947
281,1876
281,2237
281,2300
281,2302
281,4290
281,4424
282,765
282,1585
282,1586
282,1590
282,2197
282,2242
282,3051
282,4163
282,4398
282,4770
283,767
283,1640
283,1989
283,4563
284,776
284,2875
284,2956
284,3522
284,3554
284,4794
285,785
286,795
287,796
287,1723
287,1806
287,2077
287,3569
287,4848
287,5413
288,803
288,5624
288,5625
289,804
289,959
289,1225
289,1390
289,2424
289,2799
289,4001
289,4317
289,4411
290,805
290,1052
290,2213
290,3460
290,3993
290,4086
291,490
291,813
291,2004
291,2107
291,2284
291,2447
291,2549
291,2774
291,4940
292,818
292,957
292,1017
292,2343
292,2505
292,3746
293,828
293,2616
293,3723
293,4585
293,4637
293,5049
294,829
295,834
295,864
295,1448
295,1464
295,1581
295,1715
295,2159
295,2816
295,3176
295,3400
295,3548
295,3633
295,3731
295,4569
295,5404
296,837
296,859
296,1693
296,1703
296,1704
296,1705
296,2147
296,2305
296,2624
296,2991
296,3798
296,4474
296,4704
296,5114
296,5118
297,840
297,4500
297,5390
298,845
298,960
298,1131
298,1778
298,1833
298,2285
298,3029
298,3287
298,3323
298,4427
298,5454
299,849
299,1106
299,2182
299,2748
299,3902
299,4632
299,5400
300,860
300,2958
300,2984
300,2985
300,4204
301,5
301,13
301,137
301,175
301,186
301,871
301,1381
301,1764
301,1996
301,3947
301,4010
301,5662
301,5676
301,5677
302,874
302,1981
302,3154
302,4856
302,5582
303,884
303,989
303,991
303,1171
303,1243
303,1329
303,1330
303,2099
303,2101
303,2146
303,2569
303,2726
303,3060
303,3499
303,3541
303,3733
303,3780
303,4047
303,4765
303,4783
303,5063
303,5280
304,885
304,1206
304,5429
305,890
305,978
305,2225
305,2712
305,3775
306,895
306,1150
306,2632
306,2751
306,3304
306,3662
306,4456
307,896
307,897
307,1650
307,4425
307,5094
307,5095
308,898
308,2877
308,2878
308,3482
309,899
309,2780
309,3140
309,3616
309,3881
309,4277
309,4820
310,911
310,1743
311,921
311,1133
311,1319
311,1524
311,2399
311,2581
311,2818
311,3142
311,3159
311,5295
312,923
312,2448
312,3623
312,4090
312,4689
312,4803
313,926
313,1010
313,1108
313,1198
313,2063
313,2064
313,2122
313,2195
313,2492
313,2586
313,2599
313,3337
313,3344
313,3389
313,3976
313,4156
313,4742
314,930
314,935
314,3242
314,4122
314,4198
314,4435
314,5583
315,948
315,2093
315,2889
315,5291
316,952
316,1691
316,1698
316,1810
316,1958
316,2174
316,2716
316,3094
316,3248
316,4161
316,4472
317,954
317,1858
317,1888
317,3832
318,971
318,972
318,1302
318,1323
318,1335
318,1468
318,1512
318,1637
318,1765
318,1901
318,2319
318,2725
318,3327
318,3743
318,4220
319,976
319,1290
319,1408
319,1469
319,2776
320,990
320,1332
320,1685
320,1687
320,1688
320,1854
320,2930
320,3257
320,3258
320,3606
320,3625
320,3706
320,4628
320,4665
320,5108
321,996
321,2482
321,2595
321,2764
321,2768
321,3834
321,4382
321,4907
322,1002
322,2396
322,3886
322,5248
323,1004
323,1005
323,1792
323,2013
323,2306
323,3955
323,4463
324,1013
324,1019
324,1983
324,2804
324,3078
324,3080
324,3341
324,3347
324,3348
324,3546
324,3940
324,4513
324,5135
324,5142
324,5145
324,5301
325,1015
325,3067
325,3305
325,3585
325,4153
325,4666
325,5070
325,5297
326,1033
327,1037
327,1084
327,1130
327,1158
327,1174
327,1177
327,1306
327,1337
327,1461
327,1565
327,1639
327,1758
327,2080
327,2628
327,2786
327,3329
327,3542
327,3876
327,4247
327,4473
327,4531
327,4888
327,4930
328,1038
328,1114
328,1115
328,1195
328,1324
328,1328
328,1730
328,2133
328,3004
328,3485
328,4785
328,5052
328,5092
329,1044
329,1045
329,1710
329,3273
329,3587
329,3824
329,4162
329,4255
329,4815
330,1047
330,3126
331,1051
332,1066
332,1087
332,1516
332,1625
332,1751
332,1803
332,2214
332,2684
332,3195
332,3505
332,3889
332,4766
333,1071
333,1526
333,1659
333,2427
333,2629
334,1076
334,1914
334,2784
334,3121
334,3593
334,4934
334,4944
335,1079
335,2651
335,5113
336,1085
336,1102
336,1194
336,1380
336,1629
336,1807
336,2211
336,2511
336,2657
336,2771
336,2847
336,2968
336,3197
336,4111
337,1098
337,1538
338,1099
339,1105
339,3930
340,1118
341,1119
341,1391
341,1801
341,1933
342,1120
342,2696
342,3673
342,3803
342,5550
343,1123
343,1415
343,2161
343,2234
343,3588
343,3786
343,3989
343,4380
343,4970
343,5460
343,5472
343,5587
343,5588
344,1127
344,4340
345,1135
345,1136
345,1137
345,1759
345,2382
346,1138
346,1248
346,1528
346,1605
346,1866
346,2248
346,2282
346,2323
346,2793
346,3531
346,3560
346,3764
346,4336
346,4430
346,5311
346,5449
347,1146
348,1152
348,1153
348,1166
348,1167
348,1169
348,2345
348,2895
348,3043
348,3987
348,4116
348,5435
349,1155
349,1963
349,5437
350,1157
350,1444
350,1445
350,2022
350,2215
350,3265
350,3266
350,3377
350,3952
350,4757
350,5205
350,5364
350,5559
351,1159
351,1160
351,1549
351,1871
351,2081
351,2518
351,2927
351,3234
351,4439
352,1172
352,1829
352,2815
352,3426
353,1180
353,1436
353,2813
354,1184
354,1746
354,1863
354,2304
354,2636
354,3066
354,3113
354,3149
354,3479
354,3715
354,3725
354,4271
354,5322
355,1188
355,1776
355,2052
355,4157
355,4624
356,1190
356,1671
356,1892
356,1938
356,1943
356,2098
356,2383
356,2472
356,2717
356,2731
356,2892
356,3124
356,3155
356,3187
356,3201
356,3297
356,3833
356,3873
356,4075
356,4117
356,4169
356,4202
356,4492
356,4636
356,4945
356,5184
356,5412
356,5584
357,1193
357,1449
357,1450
357,2531
357,5160
358,1199
358,1200
358,1325
358,1521
358,2450
358,2658
358,2897
358,3807
358,4199
358,5479
358,5491
358,5495
359,1202
359,2425
360,1213
360,1487
360,4144
360,4614
361,1215
361,5619
361,5620
362,1220
362,1786
362,4467
363,1224
363,3115
363,3225
364,1226
364,1260
364,1859
364,3177
364,3543
364,4320
364,5264
365,1228
365,1229
365,2274
365,4746
365,5191
365,5216
366,1234
366,1690
366,2557
366,5631
367,1269
367,2058
367,2114
367,2911
367,2973
367,3050
367,3412
367,3472
367,4349
367,4684
367,5592
368,1275
368,1954
368,1956
368,2675
368,3357
368,3443
369,1285
369,1509
369,1820
369,2046
370,1288
370,1756
370,2772
370,4553
371,1295
371,1653
372,1299
372,1977
372,2130
372,3874
372,4839
372,5629
373,1304
373,3334
373,4143
374,1313
374,2115
374,2307
374,5268
375,1314
375,5571
376,1338
376,1762
376,2253
376,2255
377,1339
377,3306
377,3386
378,1344
379,1348
379,1589
379,1601
379,1753
379,1808
379,2066
379,2314
379,3390
379,3394
379,3453
379,3454
379,3785
379,3941
379,4979
379,5278
379,5395
379,5502
380,1350
380,4067
381,1370
382,1373
382,2708
382,3245
382,3309
382,4289
382,4345
383,1374
383,1456
383,1883
384,1375
384,2112
384,2380
384,2825
384,3255
384,3436
384,3459
384,3590
384,3643
384,4490
384,4811
384,4922
385,1378
385,2767
385,4057
385,5193
386,1386
386,5381
386,5485
387,1407
387,1470
387,1475
387,2006
387,3659
387,3829
387,4673
387,5572
388,1409
389,1416
389,1667
389,2089
389,2240
389,2241
389,2887
389,3686
389,4039
389,4353
389,5336
390,1420
390,5616
390,5617
390,5618
391,1421
391,1484
391,3424
391,4016
391,4188
391,5066
392,1443
392,2330
392,2428
392,2685
392,2734
392,3216
392,3286
392,3737
392,3849
392,4060
393,1452
393,2198
393,2730
393,2765
394,1454
394,1627
394,1628
394,2591
394,3180
394,3336
394,3349
394,3647
394,3664
394,3979
395,1466
395,2609
395,2864
395,3285
395,3318
395,4229
395,5154
396,1467
396,3352
396,5057
397,1495
397,1815
397,1848
397,2849
398,1515
398,2160
398,3059
398,3288
398,4891
399,1518
399,2228
399,2329
399,2601
399,3463
399,3695
399,4058
399,4508
399,4621
399,5369
399,5630
400,1520
400,2516
400,2517
400,2757
400,3071
400,3322
400,4590
401,1522
401,1916
401,1955
401,2267
401,2269
401,2365
401,2578
401,3030
401,3635
401,3640
401,3794
401,3932
401,4019
401,4316
401,4428
401,4738
401,4927
401,5296
401,5578
402,1530
402,1832
402,2934
402,4103
402,4479
402,4987
403,1537
403,1733
404,1561
405,1575
405,2558
405,2711
405,3515
405,3516
405,3815
405,4022
405,4504
405,5310
405,5392
406,1579
406,1580
406,1870
406,4735
406,5410
407,13
407,1599
407,2606
407,4816
408,1609
408,2692
408,3978
408,4464
409,1611
409,1643
409,3031
409,5009
410,1634
410,2067
410,2279
410,4044
410,4072
410,4200
411,1644
411,2298
412,1649
412,2249
412,2670
412,3483
412,4670
412,5201
413,1663
414,1674
414,5672
415,1706
415,1707
415,1708
415,4216
415,4477
415,5438
416,1717
416,2512
416,2695
416,4769
417,1771
417,1834
417,2295
417,3738
418,1774
418,2012
418,3129
418,3358
418,3855
418,4454
418,5497
419,1793
419,2092
419,2322
419,2910
419,5388
419,5594
420,1821
421,1827
421,5260
422,1841
422,1847
422,1872
422,1873
422,1874
422,2084
422,2179
422,2297
422,2384
422,2626
422,2627
422,2905
422,3243
422,3447
422,3583
422,3917
422,4592
422,4861
422,5104
422,5133
422,5523
422,5549
423,1846
423,2918
423,4760
424,1861
424,2018
424,2188
424,2909
424,3487
424,4949
424,5000
425,1886
425,1912
425,3089
425,3315
425,3366
425,3772
425,4099
426,1908
426,2193
426,5526
427,1919
427,2014
427,2639
427,2981
427,3427
427,3782
427,3860
427,5078
427,5378
428,1924
429,1950
429,1951
430,1972
430,3594
430,3864
430,4591
431,1973
431,3065
431,4854
431,5533
432,1992
432,2175
432,2589
432,3233
432,5326
432,5457
433,2055
433,2191
433,2916
433,3611
434,2057
435,2069
435,2620
435,2754
435,2835
435,4897
435,5026
435,5028
435,5394
435,5632
436,2071
436,2844
436,2977
437,2072
437,2465
437,2694
437,4867
437,5581
438,2079
438,2499
439,2143
440,2152
440,3485
440,3843
440,5612
440,5613
440,5614
440,5615
441,1281
441,2218
441,5623
442,2227
442,3145
442,4141
442,4527
443,2025
443,2236
444,2238
444,3621
444,3760
444,3865
445,2251
446,2312
447,2335
447,2367
447,4688
447,4730
447,4798
448,2336
449,2353
449,3139
449,4995
450,2369
450,3498
450,4482
451,2377
452,2422
453,2430
454,2563
455,2565
456,2596
456,2710
456,3227
456,3536
456,3696
456,3814
456,4365
457,2650
457,4471
457,4788
457,4919
457,5068
457,5366
458,2810
458,2962
459,2838
460,2919
460,3830
460,4396
460,4530
460,5086
460,5136
460,5330
461,2978
461,5628
462,478
462,657
462,2990
462,3141
462,3861
462,4566
463,3041
463,3842
464,3100
465,3277
466,3310
467,3395
468,3450
468,4449
469,3511
470,3547
470,4565
470,4959
471,3581
472,3680
473,3848
474,3967
474,4544
474,5166
475,3982
475,4207
475,4258
475,5441
476,3991
476,4450
477,4433
477,4588
477,4902
478,4481
479,4503
479,5635
479,5636
479,5637
479,5638
479,5639
479,5640
479,5641
480,4522
481,4718
482,4784
483,4898
484,4935
485,5091
486,5098
486,5621
486,5622
487,5181
487,5182
488,5227